/*******************************************************************************
 * Size: 14 px
 * Bpp: 4
 * Opts: --bpp 4 --size 14 --no-compress --font Montserrat-Bold.ttf --range 32-127,256-383 --format lvgl -o /home/ireeus/Documents/GitHub/ESP32-8048S070C-LVGL-9-Calendar/ESP32-8048S070C-LVGL-9/src/fonts/lv_font_montserrat_14_bold.c
 ******************************************************************************/

/* The generated file used to test LV_LVGL_H_INCLUDE_SIMPLE directly, but this
 * project does not define it in build_flags - it relies on the auto-detect below
 * (see the other files in src/fonts/). Without this the include fell through to
 * "lvgl/lvgl.h", which is not on the include path, and the build failed. */
#ifdef __has_include
    #if __has_include("lvgl.h")
        #ifndef LV_LVGL_H_INCLUDE_SIMPLE
            #define LV_LVGL_H_INCLUDE_SIMPLE
        #endif
    #endif
#endif

#if defined(LV_LVGL_H_INCLUDE_SIMPLE)
    #include "lvgl.h"
#else
    #include "lvgl/lvgl.h"
#endif

#ifndef LV_FONT_MONTSERRAT_14_BOLD
#define LV_FONT_MONTSERRAT_14_BOLD 1
#endif

#if LV_FONT_MONTSERRAT_14_BOLD

/*-----------------
 *    BITMAPS
 *----------------*/

/*Store the image of the glyphs*/
static LV_ATTRIBUTE_LARGE_CONST const uint8_t glyph_bitmap[] = {
    /* U+0020 " " */

    /* U+0021 "!" */
    0x3f, 0xf4, 0x2f, 0xf3, 0x1f, 0xf2, 0xf, 0xf1,
    0xf, 0xf0, 0xe, 0xf0, 0x9, 0xa0, 0x7, 0x80,
    0x4f, 0xf5, 0x1d, 0xd1,

    /* U+0022 "\"" */
    0x4f, 0x86, 0xf6, 0x4f, 0x76, 0xf6, 0x3f, 0x75,
    0xf5, 0x3f, 0x65, 0xf4, 0x2, 0x10, 0x20,

    /* U+0023 "#" */
    0x0, 0xf, 0x80, 0x6f, 0x20, 0x0, 0x2f, 0x60,
    0x8f, 0x0, 0x4f, 0xff, 0xff, 0xff, 0xfc, 0x29,
    0xcf, 0xa9, 0xee, 0x97, 0x0, 0x8f, 0x0, 0xea,
    0x0, 0x0, 0xae, 0x0, 0xf8, 0x0, 0xbf, 0xff,
    0xff, 0xff, 0xf5, 0x69, 0xfd, 0x9b, 0xfb, 0x93,
    0x0, 0xf9, 0x6, 0xf3, 0x0, 0x1, 0xf7, 0x7,
    0xf1, 0x0,

    /* U+0024 "$" */
    0x0, 0x2, 0xf4, 0x0, 0x0, 0x0, 0x2f, 0x40,
    0x0, 0x2, 0xae, 0xff, 0xd7, 0x0, 0xef, 0xff,
    0xef, 0xd0, 0x5f, 0xf3, 0xf4, 0x23, 0x5, 0xff,
    0x7f, 0x40, 0x0, 0xc, 0xff, 0xfc, 0x70, 0x0,
    0x6, 0xcf, 0xff, 0xd1, 0x0, 0x2, 0xf8, 0xff,
    0x70, 0x92, 0x2f, 0x4d, 0xf7, 0x6f, 0xfe, 0xff,
    0xfe, 0x11, 0x8d, 0xff, 0xea, 0x20, 0x0, 0x2,
    0xf4, 0x0, 0x0, 0x0, 0x1c, 0x30, 0x0,

    /* U+0025 "%" */
    0x9, 0xed, 0x40, 0x0, 0xae, 0x10, 0x6f, 0x59,
    0xf0, 0x5, 0xf4, 0x0, 0x9d, 0x2, 0xf3, 0x1e,
    0xa0, 0x0, 0x7f, 0x16, 0xf1, 0xbe, 0x10, 0x0,
    0xc, 0xff, 0x75, 0xf6, 0xbf, 0xb1, 0x0, 0x21,
    0x1e, 0xaa, 0xd4, 0xe9, 0x0, 0x0, 0xbe, 0x1e,
    0x70, 0x9d, 0x0, 0x5, 0xf4, 0xe, 0x70, 0x9d,
    0x0, 0x1e, 0xa0, 0xa, 0xd4, 0xe9, 0x0, 0xbe,
    0x10, 0x1, 0xbf, 0xb1,

    /* U+0026 "&" */
    0x0, 0x4d, 0xfe, 0x70, 0x0, 0x2, 0xff, 0x9d,
    0xf5, 0x0, 0x4, 0xfb, 0x6, 0xf7, 0x0, 0x1,
    0xff, 0x6e, 0xe1, 0x0, 0x0, 0xaf, 0xfd, 0x20,
    0x0, 0xb, 0xfc, 0xef, 0x75, 0xf6, 0x5f, 0xc0,
    0x2e, 0xfe, 0xf4, 0x7f, 0xc0, 0x2, 0xff, 0xe0,
    0x2f, 0xfe, 0xdf, 0xff, 0xfa, 0x3, 0xbe, 0xfd,
    0x71, 0xb2,

    /* U+0027 "'" */
    0x4f, 0x84, 0xf7, 0x3f, 0x73, 0xf6, 0x2, 0x10,

    /* U+0028 "(" */
    0x7, 0xfa, 0xe, 0xf2, 0x5f, 0xd0, 0x9f, 0x80,
    0xcf, 0x50, 0xef, 0x30, 0xff, 0x20, 0xff, 0x20,
    0xef, 0x30, 0xcf, 0x50, 0x9f, 0x80, 0x5f, 0xd0,
    0xe, 0xf2, 0x7, 0xfa,

    /* U+0029 ")" */
    0xaf, 0x70, 0x2f, 0xe0, 0xd, 0xf5, 0x8, 0xf9,
    0x6, 0xfc, 0x3, 0xfe, 0x2, 0xff, 0x3, 0xff,
    0x3, 0xfe, 0x6, 0xfc, 0x8, 0xf9, 0xd, 0xf5,
    0x2f, 0xe0, 0xaf, 0x70,

    /* U+002A "*" */
    0x0, 0x9b, 0x0, 0x8c, 0xbc, 0xb9, 0x3c, 0xff,
    0xd3, 0x5e, 0xff, 0xf6, 0x69, 0xab, 0x87, 0x0,
    0x78, 0x0,

    /* U+002B "+" */
    0x0, 0x8, 0xc1, 0x0, 0x0, 0xb, 0xf1, 0x0,
    0x0, 0xb, 0xf1, 0x0, 0x2f, 0xff, 0xff, 0xf8,
    0x1c, 0xcf, 0xfd, 0xc6, 0x0, 0xb, 0xf1, 0x0,
    0x0, 0xb, 0xf1, 0x0,

    /* U+002C "," */
    0x2e, 0xb0, 0x7f, 0xf2, 0x1e, 0xe0, 0xf, 0x90,
    0x3f, 0x30,

    /* U+002D "-" */
    0x3d, 0xdd, 0x94, 0xff, 0xfb,

    /* U+002E "." */
    0x2c, 0x90, 0x7f, 0xf2, 0x3e, 0xc0,

    /* U+002F "/" */
    0x0, 0x0, 0xf, 0xe0, 0x0, 0x0, 0x5f, 0x90,
    0x0, 0x0, 0xaf, 0x40, 0x0, 0x0, 0xfe, 0x0,
    0x0, 0x5, 0xf9, 0x0, 0x0, 0xa, 0xf4, 0x0,
    0x0, 0xf, 0xe0, 0x0, 0x0, 0x5f, 0xa0, 0x0,
    0x0, 0xaf, 0x40, 0x0, 0x0, 0xff, 0x0, 0x0,
    0x5, 0xfa, 0x0, 0x0, 0xa, 0xf4, 0x0, 0x0,
    0xf, 0xf0, 0x0, 0x0, 0x4f, 0xa0, 0x0, 0x0,

    /* U+0030 "0" */
    0x0, 0x4c, 0xfe, 0x91, 0x0, 0x5f, 0xff, 0xff,
    0xd0, 0xe, 0xfa, 0x14, 0xff, 0x74, 0xff, 0x10,
    0x8, 0xfc, 0x6f, 0xe0, 0x0, 0x6f, 0xe6, 0xfe,
    0x0, 0x6, 0xfe, 0x4f, 0xf1, 0x0, 0x8f, 0xc0,
    0xef, 0xa1, 0x3f, 0xf7, 0x5, 0xff, 0xff, 0xfd,
    0x0, 0x5, 0xcf, 0xe9, 0x10,

    /* U+0031 "1" */
    0xef, 0xff, 0x5d, 0xef, 0xf5, 0x0, 0xff, 0x50,
    0xf, 0xf5, 0x0, 0xff, 0x50, 0xf, 0xf5, 0x0,
    0xff, 0x50, 0xf, 0xf5, 0x0, 0xff, 0x50, 0xf,
    0xf5,

    /* U+0032 "2" */
    0x6, 0xcf, 0xfb, 0x30, 0x9f, 0xff, 0xff, 0xf2,
    0x3c, 0x50, 0x2e, 0xf7, 0x0, 0x0, 0xd, 0xf7,
    0x0, 0x0, 0x5f, 0xf1, 0x0, 0x5, 0xff, 0x50,
    0x0, 0x6f, 0xf5, 0x0, 0x8, 0xff, 0x40, 0x0,
    0x6f, 0xff, 0xff, 0xfd, 0x8f, 0xff, 0xff, 0xfe,

    /* U+0033 "3" */
    0x8, 0xff, 0xff, 0xff, 0x50, 0x7e, 0xee, 0xff,
    0xf4, 0x0, 0x0, 0x1d, 0xf7, 0x0, 0x0, 0xc,
    0xf9, 0x0, 0x0, 0x5, 0xff, 0xd7, 0x0, 0x0,
    0x39, 0xbf, 0xf6, 0x0, 0x0, 0x0, 0x9f, 0xb0,
    0x48, 0x20, 0x1c, 0xfa, 0xc, 0xff, 0xff, 0xff,
    0x30, 0x3a, 0xef, 0xeb, 0x30,

    /* U+0034 "4" */
    0x0, 0x0, 0x5f, 0xf2, 0x0, 0x0, 0x1, 0xef,
    0x50, 0x0, 0x0, 0xc, 0xfa, 0x0, 0x0, 0x0,
    0x8f, 0xe0, 0x0, 0x0, 0x3, 0xff, 0x33, 0xec,
    0x0, 0x1e, 0xf8, 0x3, 0xfe, 0x0, 0x8f, 0xff,
    0xff, 0xff, 0xf8, 0x8f, 0xff, 0xff, 0xff, 0xf7,
    0x0, 0x0, 0x4, 0xfe, 0x0, 0x0, 0x0, 0x4,
    0xfe, 0x0,

    /* U+0035 "5" */
    0xa, 0xff, 0xff, 0xf5, 0xc, 0xfe, 0xee, 0xe4,
    0xe, 0xf2, 0x0, 0x0, 0xf, 0xfe, 0xdb, 0x40,
    0x1f, 0xff, 0xff, 0xf5, 0x0, 0x0, 0x2c, 0xfc,
    0x0, 0x0, 0x6, 0xfe, 0x3b, 0x30, 0x1c, 0xfc,
    0xaf, 0xff, 0xff, 0xf4, 0x29, 0xdf, 0xfc, 0x40,

    /* U+0036 "6" */
    0x0, 0x29, 0xef, 0xe9, 0x10, 0x3e, 0xff, 0xff,
    0xd0, 0xd, 0xfa, 0x10, 0x1, 0x3, 0xff, 0x5a,
    0xb8, 0x10, 0x6f, 0xff, 0xff, 0xfe, 0x16, 0xff,
    0x90, 0x2e, 0xf7, 0x5f, 0xf1, 0x0, 0x9f, 0x91,
    0xff, 0x60, 0xd, 0xf7, 0x7, 0xff, 0xde, 0xfe,
    0x10, 0x5, 0xcf, 0xfa, 0x20,

    /* U+0037 "7" */
    0xaf, 0xff, 0xff, 0xff, 0x3a, 0xff, 0xff, 0xff,
    0xf2, 0xaf, 0x60, 0x9, 0xfc, 0x5, 0x93, 0x1,
    0xff, 0x60, 0x0, 0x0, 0x7f, 0xe0, 0x0, 0x0,
    0xe, 0xf8, 0x0, 0x0, 0x5, 0xff, 0x10, 0x0,
    0x0, 0xcf, 0xa0, 0x0, 0x0, 0x3f, 0xf3, 0x0,
    0x0, 0xa, 0xfc, 0x0, 0x0,

    /* U+0038 "8" */
    0x1, 0x9e, 0xfe, 0xa2, 0x0, 0xcf, 0xfc, 0xef,
    0xe1, 0x1f, 0xf3, 0x0, 0xff, 0x50, 0xff, 0x60,
    0x3f, 0xf3, 0x5, 0xff, 0xff, 0xf9, 0x1, 0xdf,
    0xda, 0xcf, 0xf3, 0x6f, 0xe0, 0x0, 0xbf, 0xa7,
    0xfe, 0x10, 0xc, 0xfa, 0x1e, 0xff, 0xce, 0xff,
    0x40, 0x2a, 0xef, 0xeb, 0x30,

    /* U+0039 "9" */
    0x3, 0xbf, 0xfc, 0x40, 0x3, 0xff, 0xed, 0xff,
    0x60, 0xaf, 0xa0, 0x5, 0xfe, 0xa, 0xfa, 0x0,
    0x5f, 0xf3, 0x4f, 0xfe, 0xdf, 0xff, 0x50, 0x5d,
    0xfd, 0x7f, 0xf4, 0x0, 0x0, 0x3, 0xff, 0x20,
    0x30, 0x3, 0xdf, 0xc0, 0xe, 0xff, 0xff, 0xe2,
    0x1, 0xae, 0xfd, 0x91, 0x0,

    /* U+003A ":" */
    0x3e, 0xc0, 0x7f, 0xf2, 0x1b, 0x90, 0x0, 0x0,
    0x0, 0x0, 0x2c, 0x90, 0x7f, 0xf2, 0x3e, 0xc0,

    /* U+003B ";" */
    0x3e, 0xc0, 0x7f, 0xf2, 0x1b, 0x90, 0x0, 0x0,
    0x0, 0x0, 0x2e, 0xb0, 0x7f, 0xf2, 0x1e, 0xe0,
    0xf, 0x90, 0x3f, 0x30,

    /* U+003C "<" */
    0x0, 0x0, 0x0, 0x55, 0x0, 0x2, 0x8e, 0xf8,
    0x5, 0xbf, 0xfd, 0x71, 0x2f, 0xfa, 0x40, 0x0,
    0x1f, 0xfe, 0x82, 0x0, 0x1, 0x7d, 0xff, 0xb3,
    0x0, 0x0, 0x4a, 0xf8, 0x0, 0x0, 0x0, 0x13,

    /* U+003D "=" */
    0x2f, 0xff, 0xff, 0xf8, 0x1c, 0xcc, 0xcc, 0xc6,
    0x0, 0x0, 0x0, 0x0, 0x0, 0x0, 0x0, 0x0,
    0x2f, 0xff, 0xff, 0xf8, 0x1c, 0xcc, 0xcc, 0xc6,

    /* U+003E ">" */
    0x17, 0x10, 0x0, 0x0, 0x2f, 0xfa, 0x40, 0x0,
    0x5, 0xbf, 0xfe, 0x71, 0x0, 0x1, 0x7e, 0xf8,
    0x0, 0x5, 0xbf, 0xf7, 0x9, 0xff, 0xfa, 0x30,
    0x2f, 0xd6, 0x10, 0x0, 0x3, 0x0, 0x0, 0x0,

    /* U+003F "?" */
    0x0, 0x6c, 0xff, 0xc4, 0x0, 0x9f, 0xff, 0xff,
    0xf3, 0x4, 0xb4, 0x1, 0xef, 0x70, 0x0, 0x0,
    0x1e, 0xf4, 0x0, 0x0, 0x1d, 0xf8, 0x0, 0x0,
    0xb, 0xf9, 0x0, 0x0, 0x0, 0x66, 0x10, 0x0,
    0x0, 0x7, 0x80, 0x0, 0x0, 0x2, 0xff, 0x60,
    0x0, 0x0, 0xc, 0xe2, 0x0,

    /* U+0040 "@" */
    0x0, 0x0, 0x7c, 0xef, 0xea, 0x40, 0x0, 0x0,
    0x3e, 0xfb, 0x76, 0x8c, 0xfb, 0x10, 0x2, 0xfd,
    0x20, 0x0, 0x0, 0x4e, 0xb0, 0xc, 0xe1, 0x2b,
    0xfd, 0x7f, 0xd4, 0xf5, 0x2f, 0x80, 0xdf, 0xdc,
    0xff, 0xd0, 0xcb, 0x5f, 0x35, 0xfc, 0x0, 0x5f,
    0xd0, 0x8e, 0x6f, 0x27, 0xf7, 0x0, 0x1f, 0xd0,
    0x7e, 0x5f, 0x35, 0xfb, 0x0, 0x5f, 0xd0, 0xac,
    0x2f, 0x80, 0xdf, 0xca, 0xff, 0xfb, 0xf5, 0xb,
    0xe1, 0x2b, 0xfe, 0x65, 0xef, 0x80, 0x2, 0xfd,
    0x20, 0x0, 0x0, 0x0, 0x0, 0x0, 0x4e, 0xfb,
    0x77, 0x9e, 0x30, 0x0, 0x0, 0x1, 0x7c, 0xff,
    0xda, 0x20, 0x0,

    /* U+0041 "A" */
    0x0, 0x0, 0xf, 0xfb, 0x0, 0x0, 0x0, 0x0,
    0x6f, 0xff, 0x20, 0x0, 0x0, 0x0, 0xdf, 0xcf,
    0x90, 0x0, 0x0, 0x4, 0xfd, 0x2f, 0xf0, 0x0,
    0x0, 0xb, 0xf6, 0xb, 0xf7, 0x0, 0x0, 0x2f,
    0xf0, 0x4, 0xfd, 0x0, 0x0, 0x9f, 0xff, 0xff,
    0xff, 0x50, 0x1, 0xff, 0xcc, 0xcc, 0xdf, 0xc0,
    0x7, 0xfc, 0x0, 0x0, 0x1f, 0xf3, 0xe, 0xf6,
    0x0, 0x0, 0xb, 0xfa,

    /* U+0042 "B" */
    0xdf, 0xff, 0xff, 0xc5, 0x0, 0xdf, 0xec, 0xce,
    0xff, 0x50, 0xdf, 0x60, 0x0, 0xcf, 0x90, 0xdf,
    0x60, 0x2, 0xdf, 0x70, 0xdf, 0xff, 0xff, 0xfb,
    0x0, 0xdf, 0xdb, 0xbc, 0xff, 0x80, 0xdf, 0x60,
    0x0, 0x4f, 0xf0, 0xdf, 0x60, 0x0, 0x5f, 0xf1,
    0xdf, 0xdc, 0xcd, 0xff, 0xc0, 0xdf, 0xff, 0xff,
    0xd8, 0x10,

    /* U+0043 "C" */
    0x0, 0x7, 0xdf, 0xeb, 0x50, 0x1, 0xdf, 0xff,
    0xff, 0xf8, 0xc, 0xfe, 0x51, 0x16, 0xe3, 0x3f,
    0xf4, 0x0, 0x0, 0x0, 0x6f, 0xe0, 0x0, 0x0,
    0x0, 0x6f, 0xe0, 0x0, 0x0, 0x0, 0x3f, 0xf3,
    0x0, 0x0, 0x0, 0xc, 0xfe, 0x51, 0x16, 0xe3,
    0x2, 0xdf, 0xff, 0xff, 0xf8, 0x0, 0x18, 0xdf,
    0xfb, 0x50,

    /* U+0044 "D" */
    0xdf, 0xff, 0xfe, 0xb4, 0x0, 0xd, 0xff, 0xff,
    0xff, 0xf9, 0x0, 0xdf, 0x70, 0x1, 0x8f, 0xf5,
    0xd, 0xf7, 0x0, 0x0, 0xaf, 0xc0, 0xdf, 0x70,
    0x0, 0x5, 0xff, 0xd, 0xf7, 0x0, 0x0, 0x5f,
    0xf0, 0xdf, 0x70, 0x0, 0xa, 0xfc, 0xd, 0xf7,
    0x0, 0x18, 0xff, 0x50, 0xdf, 0xff, 0xff, 0xff,
    0x90, 0xd, 0xff, 0xff, 0xeb, 0x40, 0x0,

    /* U+0045 "E" */
    0xdf, 0xff, 0xff, 0xf9, 0xdf, 0xfe, 0xee, 0xe8,
    0xdf, 0x60, 0x0, 0x0, 0xdf, 0x60, 0x0, 0x0,
    0xdf, 0xff, 0xff, 0xf0, 0xdf, 0xed, 0xdd, 0xd0,
    0xdf, 0x60, 0x0, 0x0, 0xdf, 0x60, 0x0, 0x0,
    0xdf, 0xfe, 0xee, 0xea, 0xdf, 0xff, 0xff, 0xfc,

    /* U+0046 "F" */
    0xdf, 0xff, 0xff, 0xf9, 0xdf, 0xfe, 0xee, 0xe8,
    0xdf, 0x70, 0x0, 0x0, 0xdf, 0x70, 0x0, 0x0,
    0xdf, 0xfe, 0xee, 0xe0, 0xdf, 0xff, 0xff, 0xf0,
    0xdf, 0x70, 0x0, 0x0, 0xdf, 0x70, 0x0, 0x0,
    0xdf, 0x70, 0x0, 0x0, 0xdf, 0x70, 0x0, 0x0,

    /* U+0047 "G" */
    0x0, 0x7, 0xdf, 0xfc, 0x60, 0x0, 0x1d, 0xff,
    0xff, 0xff, 0xb0, 0xc, 0xfe, 0x61, 0x15, 0xd4,
    0x3, 0xff, 0x40, 0x0, 0x0, 0x0, 0x6f, 0xe0,
    0x0, 0x0, 0x21, 0x6, 0xfe, 0x0, 0x0, 0x3f,
    0xd0, 0x3f, 0xf4, 0x0, 0x3, 0xfd, 0x0, 0xcf,
    0xe5, 0x10, 0x6f, 0xd0, 0x1, 0xdf, 0xff, 0xff,
    0xfc, 0x0, 0x0, 0x8d, 0xff, 0xc7, 0x0,

    /* U+0048 "H" */
    0xdf, 0x70, 0x0, 0x2f, 0xf2, 0xdf, 0x70, 0x0,
    0x2f, 0xf2, 0xdf, 0x70, 0x0, 0x2f, 0xf2, 0xdf,
    0x70, 0x0, 0x2f, 0xf2, 0xdf, 0xff, 0xff, 0xff,
    0xf2, 0xdf, 0xff, 0xff, 0xff, 0xf2, 0xdf, 0x70,
    0x0, 0x2f, 0xf2, 0xdf, 0x70, 0x0, 0x2f, 0xf2,
    0xdf, 0x70, 0x0, 0x2f, 0xf2, 0xdf, 0x70, 0x0,
    0x2f, 0xf2,

    /* U+0049 "I" */
    0xdf, 0x7d, 0xf7, 0xdf, 0x7d, 0xf7, 0xdf, 0x7d,
    0xf7, 0xdf, 0x7d, 0xf7, 0xdf, 0x7d, 0xf7,

    /* U+004A "J" */
    0x3, 0xff, 0xff, 0xf8, 0x2, 0xee, 0xef, 0xf8,
    0x0, 0x0, 0xc, 0xf8, 0x0, 0x0, 0xc, 0xf8,
    0x0, 0x0, 0xc, 0xf8, 0x0, 0x0, 0xc, 0xf8,
    0x0, 0x0, 0xc, 0xf7, 0x6, 0x80, 0x2f, 0xf5,
    0xf, 0xff, 0xff, 0xe0, 0x3, 0xbf, 0xeb, 0x20,

    /* U+004B "K" */
    0xdf, 0x60, 0x0, 0xbf, 0xc0, 0xdf, 0x60, 0xa,
    0xfd, 0x10, 0xdf, 0x60, 0x9f, 0xe1, 0x0, 0xdf,
    0x67, 0xfe, 0x20, 0x0, 0xdf, 0xcf, 0xf6, 0x0,
    0x0, 0xdf, 0xff, 0xfe, 0x10, 0x0, 0xdf, 0xf6,
    0xdf, 0xc0, 0x0, 0xdf, 0x80, 0x2f, 0xf9, 0x0,
    0xdf, 0x60, 0x5, 0xff, 0x50, 0xdf, 0x60, 0x0,
    0x8f, 0xf2,

    /* U+004C "L" */
    0xdf, 0x70, 0x0, 0x0, 0xdf, 0x70, 0x0, 0x0,
    0xdf, 0x70, 0x0, 0x0, 0xdf, 0x70, 0x0, 0x0,
    0xdf, 0x70, 0x0, 0x0, 0xdf, 0x70, 0x0, 0x0,
    0xdf, 0x70, 0x0, 0x0, 0xdf, 0x70, 0x0, 0x0,
    0xdf, 0xff, 0xff, 0xf5, 0xdf, 0xff, 0xff, 0xf5,

    /* U+004D "M" */
    0xdf, 0x50, 0x0, 0x0, 0xe, 0xf2, 0xdf, 0xe0,
    0x0, 0x0, 0x8f, 0xf3, 0xdf, 0xf8, 0x0, 0x2,
    0xff, 0xf3, 0xdf, 0xff, 0x20, 0xb, 0xff, 0xf3,
    0xdf, 0xcf, 0xa0, 0x4f, 0xcf, 0xf3, 0xdf, 0x5d,
    0xf4, 0xdf, 0x3e, 0xf3, 0xdf, 0x44, 0xff, 0xf9,
    0xe, 0xf3, 0xdf, 0x40, 0xbf, 0xf1, 0xe, 0xf3,
    0xdf, 0x40, 0x2e, 0x70, 0xe, 0xf3, 0xdf, 0x40,
    0x0, 0x0, 0xe, 0xf3,

    /* U+004E "N" */
    0xdf, 0x60, 0x0, 0x1f, 0xf2, 0xdf, 0xf3, 0x0,
    0x1f, 0xf2, 0xdf, 0xfe, 0x10, 0x1f, 0xf2, 0xdf,
    0xff, 0xc0, 0x1f, 0xf2, 0xdf, 0x9f, 0xfa, 0x1f,
    0xf2, 0xdf, 0x65, 0xff, 0x8f, 0xf2, 0xdf, 0x60,
    0x8f, 0xff, 0xf2, 0xdf, 0x60, 0xb, 0xff, 0xf2,
    0xdf, 0x60, 0x1, 0xdf, 0xf2, 0xdf, 0x60, 0x0,
    0x2f, 0xf2,

    /* U+004F "O" */
    0x0, 0x7, 0xdf, 0xfc, 0x60, 0x0, 0x1, 0xdf,
    0xff, 0xff, 0xfb, 0x0, 0xc, 0xfe, 0x51, 0x17,
    0xff, 0x90, 0x3f, 0xf4, 0x0, 0x0, 0x7f, 0xf0,
    0x6f, 0xe0, 0x0, 0x0, 0x1f, 0xf3, 0x6f, 0xe0,
    0x0, 0x0, 0x1f, 0xf3, 0x3f, 0xf4, 0x0, 0x0,
    0x7f, 0xf0, 0xc, 0xfe, 0x51, 0x17, 0xff, 0x90,
    0x1, 0xdf, 0xff, 0xff, 0xfb, 0x0, 0x0, 0x8,
    0xdf, 0xfc, 0x60, 0x0,

    /* U+0050 "P" */
    0xdf, 0xff, 0xfe, 0x91, 0xd, 0xff, 0xff, 0xff,
    0xe1, 0xdf, 0x70, 0x3, 0xef, 0x7d, 0xf7, 0x0,
    0xb, 0xf9, 0xdf, 0x70, 0x3, 0xef, 0x7d, 0xff,
    0xff, 0xff, 0xe1, 0xdf, 0xff, 0xfe, 0x91, 0xd,
    0xf7, 0x0, 0x0, 0x0, 0xdf, 0x70, 0x0, 0x0,
    0xd, 0xf7, 0x0, 0x0, 0x0,

    /* U+0051 "Q" */
    0x0, 0x7, 0xcf, 0xfc, 0x50, 0x0, 0x1, 0xcf,
    0xff, 0xff, 0xfa, 0x0, 0xa, 0xff, 0x61, 0x18,
    0xff, 0x70, 0x2f, 0xf5, 0x0, 0x0, 0x8f, 0xe0,
    0x6f, 0xf0, 0x0, 0x0, 0x2f, 0xf2, 0x6f, 0xe0,
    0x0, 0x0, 0x1f, 0xf3, 0x4f, 0xf1, 0x0, 0x0,
    0x4f, 0xf1, 0xf, 0xfa, 0x0, 0x0, 0xcf, 0xc0,
    0x6, 0xff, 0xc7, 0x8d, 0xff, 0x30, 0x0, 0x6f,
    0xff, 0xff, 0xe4, 0x0, 0x0, 0x1, 0x6d, 0xff,
    0x31, 0x81, 0x0, 0x0, 0x1, 0xcf, 0xff, 0xf8,
    0x0, 0x0, 0x0, 0x6, 0xab, 0x70,

    /* U+0052 "R" */
    0xdf, 0xff, 0xfd, 0x91, 0xd, 0xff, 0xff, 0xff,
    0xe1, 0xdf, 0x70, 0x3, 0xef, 0x7d, 0xf7, 0x0,
    0xb, 0xfa, 0xdf, 0x70, 0x2, 0xef, 0x7d, 0xff,
    0xee, 0xff, 0xe1, 0xdf, 0xff, 0xff, 0xe1, 0xd,
    0xf7, 0x3, 0xff, 0x40, 0xdf, 0x70, 0x8, 0xfd,
    0xd, 0xf7, 0x0, 0xd, 0xf8,

    /* U+0053 "S" */
    0x1, 0x9e, 0xfe, 0xb5, 0x0, 0xdf, 0xfe, 0xff,
    0xd0, 0x5f, 0xf2, 0x0, 0x45, 0x5, 0xff, 0x40,
    0x0, 0x0, 0xc, 0xff, 0xea, 0x50, 0x0, 0x5,
    0xbe, 0xff, 0xd1, 0x0, 0x0, 0x4, 0xef, 0x71,
    0xa4, 0x0, 0x1d, 0xf7, 0x6f, 0xff, 0xef, 0xfe,
    0x10, 0x6c, 0xef, 0xea, 0x20,

    /* U+0054 "T" */
    0xff, 0xff, 0xff, 0xff, 0x9e, 0xff, 0xff, 0xff,
    0xf8, 0x0, 0xd, 0xf7, 0x0, 0x0, 0x0, 0xdf,
    0x70, 0x0, 0x0, 0xd, 0xf7, 0x0, 0x0, 0x0,
    0xdf, 0x70, 0x0, 0x0, 0xd, 0xf7, 0x0, 0x0,
    0x0, 0xdf, 0x70, 0x0, 0x0, 0xd, 0xf7, 0x0,
    0x0, 0x0, 0xdf, 0x70, 0x0,

    /* U+0055 "U" */
    0xef, 0x50, 0x0, 0x4f, 0xfe, 0xf5, 0x0, 0x4,
    0xff, 0xef, 0x50, 0x0, 0x4f, 0xfe, 0xf5, 0x0,
    0x4, 0xff, 0xef, 0x50, 0x0, 0x4f, 0xfe, 0xf5,
    0x0, 0x4, 0xff, 0xdf, 0x80, 0x0, 0x7f, 0xd9,
    0xfe, 0x40, 0x4e, 0xf9, 0x1e, 0xff, 0xff, 0xfe,
    0x10, 0x19, 0xef, 0xea, 0x20,

    /* U+0056 "V" */
    0xe, 0xf8, 0x0, 0x0, 0xd, 0xf5, 0x7, 0xfe,
    0x0, 0x0, 0x4f, 0xe0, 0x1, 0xff, 0x50, 0x0,
    0xbf, 0x80, 0x0, 0xaf, 0xc0, 0x2, 0xff, 0x10,
    0x0, 0x3f, 0xf3, 0x9, 0xfa, 0x0, 0x0, 0xc,
    0xf9, 0xf, 0xf3, 0x0, 0x0, 0x6, 0xff, 0x7f,
    0xd0, 0x0, 0x0, 0x0, 0xef, 0xff, 0x60, 0x0,
    0x0, 0x0, 0x8f, 0xfe, 0x0, 0x0, 0x0, 0x0,
    0x1f, 0xf8, 0x0, 0x0,

    /* U+0057 "W" */
    0x8f, 0xc0, 0x0, 0xf, 0xf6, 0x0, 0x5, 0xfc,
    0x3f, 0xf2, 0x0, 0x4f, 0xfc, 0x0, 0xb, 0xf7,
    0xe, 0xf7, 0x0, 0xaf, 0xff, 0x10, 0xf, 0xf2,
    0x9, 0xfc, 0x0, 0xff, 0xdf, 0x60, 0x5f, 0xd0,
    0x3, 0xff, 0x14, 0xfc, 0x6f, 0xb0, 0xaf, 0x80,
    0x0, 0xef, 0x69, 0xf6, 0x1f, 0xf1, 0xff, 0x30,
    0x0, 0x9f, 0xbe, 0xf1, 0xc, 0xfa, 0xfe, 0x0,
    0x0, 0x4f, 0xff, 0xc0, 0x7, 0xff, 0xf9, 0x0,
    0x0, 0xe, 0xff, 0x70, 0x2, 0xff, 0xf3, 0x0,
    0x0, 0xa, 0xff, 0x10, 0x0, 0xdf, 0xe0, 0x0,

    /* U+0058 "X" */
    0x6f, 0xf2, 0x0, 0x2f, 0xf5, 0xb, 0xfd, 0x0,
    0xcf, 0xa0, 0x1, 0xef, 0x87, 0xfe, 0x10, 0x0,
    0x5f, 0xff, 0xf3, 0x0, 0x0, 0xa, 0xff, 0x80,
    0x0, 0x0, 0xb, 0xff, 0xc0, 0x0, 0x0, 0x7f,
    0xef, 0xf7, 0x0, 0x3, 0xff, 0x55, 0xff, 0x30,
    0xd, 0xfa, 0x0, 0xaf, 0xd0, 0x9f, 0xe1, 0x0,
    0x1e, 0xf9,

    /* U+0059 "Y" */
    0xe, 0xf8, 0x0, 0x0, 0xdf, 0x50, 0x5f, 0xf2,
    0x0, 0x7f, 0xc0, 0x0, 0xbf, 0xa0, 0x1f, 0xf3,
    0x0, 0x2, 0xff, 0x4a, 0xf9, 0x0, 0x0, 0x8,
    0xfe, 0xfe, 0x10, 0x0, 0x0, 0xe, 0xff, 0x60,
    0x0, 0x0, 0x0, 0x7f, 0xe0, 0x0, 0x0, 0x0,
    0x6, 0xfd, 0x0, 0x0, 0x0, 0x0, 0x6f, 0xd0,
    0x0, 0x0, 0x0, 0x6, 0xfd, 0x0, 0x0,

    /* U+005A "Z" */
    0x5f, 0xff, 0xff, 0xff, 0xe0, 0x5f, 0xff, 0xff,
    0xff, 0xc0, 0x0, 0x0, 0x8, 0xff, 0x20, 0x0,
    0x0, 0x6f, 0xf4, 0x0, 0x0, 0x3, 0xff, 0x70,
    0x0, 0x0, 0x1e, 0xfa, 0x0, 0x0, 0x0, 0xdf,
    0xc0, 0x0, 0x0, 0xa, 0xfe, 0x10, 0x0, 0x0,
    0x6f, 0xff, 0xff, 0xff, 0xf1, 0x7f, 0xff, 0xff,
    0xff, 0xf1,

    /* U+005B "[" */
    0xdf, 0xff, 0xdf, 0xdb, 0xdf, 0x50, 0xdf, 0x50,
    0xdf, 0x50, 0xdf, 0x50, 0xdf, 0x50, 0xdf, 0x50,
    0xdf, 0x50, 0xdf, 0x50, 0xdf, 0x50, 0xdf, 0x50,
    0xdf, 0xdb, 0xdf, 0xff,

    /* U+005C "\\" */
    0x7f, 0x80, 0x0, 0x1, 0xfd, 0x0, 0x0, 0xc,
    0xf2, 0x0, 0x0, 0x7f, 0x70, 0x0, 0x2, 0xfd,
    0x0, 0x0, 0xc, 0xf2, 0x0, 0x0, 0x7f, 0x70,
    0x0, 0x2, 0xfd, 0x0, 0x0, 0xc, 0xf2, 0x0,
    0x0, 0x7f, 0x70, 0x0, 0x2, 0xfc, 0x0, 0x0,
    0xd, 0xf2, 0x0, 0x0, 0x7f, 0x70, 0x0, 0x2,
    0xfc,

    /* U+005D "]" */
    0xcf, 0xff, 0x9d, 0xff, 0x3, 0xff, 0x3, 0xff,
    0x3, 0xff, 0x3, 0xff, 0x3, 0xff, 0x3, 0xff,
    0x3, 0xff, 0x3, 0xff, 0x3, 0xff, 0x3, 0xff,
    0x9d, 0xff, 0xcf, 0xff,

    /* U+005E "^" */
    0x0, 0xd, 0xf4, 0x0, 0x0, 0x4f, 0xfb, 0x0,
    0x0, 0xbe, 0x8f, 0x20, 0x2, 0xf7, 0x1f, 0x80,
    0x9, 0xf1, 0xb, 0xe0, 0xf, 0xa0, 0x4, 0xf6,

    /* U+005F "_" */
    0x11, 0x11, 0x11, 0x1f, 0xff, 0xff, 0xff, 0x44,
    0x44, 0x44, 0x40,

    /* U+0060 "`" */
    0x3e, 0xe2, 0x0, 0x1c, 0xe1,

    /* U+0061 "a" */
    0x6, 0xce, 0xec, 0x40, 0xd, 0xfd, 0xef, 0xf2,
    0x2, 0x0, 0x1b, 0xf8, 0x7, 0xef, 0xff, 0xfa,
    0x4f, 0xe5, 0x4a, 0xfa, 0x7f, 0xb0, 0xa, 0xfa,
    0x3f, 0xfa, 0xbf, 0xfa, 0x6, 0xdf, 0xc8, 0xfa,

    /* U+0062 "b" */
    0xff, 0x30, 0x0, 0x0, 0xf, 0xf3, 0x0, 0x0,
    0x0, 0xff, 0x30, 0x0, 0x0, 0xf, 0xf7, 0xdf,
    0xd5, 0x0, 0xff, 0xff, 0xff, 0xf6, 0xf, 0xfb,
    0x0, 0x9f, 0xe0, 0xff, 0x30, 0x1, 0xff, 0x2f,
    0xf3, 0x0, 0x1f, 0xf2, 0xff, 0xb0, 0x9, 0xfe,
    0xf, 0xff, 0xff, 0xff, 0x60, 0xff, 0x6d, 0xfd,
    0x60, 0x0,

    /* U+0063 "c" */
    0x0, 0x7d, 0xfe, 0x80, 0x0, 0xaf, 0xfe, 0xff,
    0xb0, 0x4f, 0xf4, 0x2, 0xb4, 0x7, 0xfb, 0x0,
    0x0, 0x0, 0x7f, 0xb0, 0x0, 0x0, 0x4, 0xff,
    0x40, 0x2b, 0x40, 0xa, 0xff, 0xff, 0xfb, 0x0,
    0x7, 0xdf, 0xe8, 0x0,

    /* U+0064 "d" */
    0x0, 0x0, 0x0, 0x8f, 0xb0, 0x0, 0x0, 0x8,
    0xfb, 0x0, 0x0, 0x0, 0x8f, 0xb0, 0x8, 0xef,
    0xb9, 0xfb, 0xb, 0xff, 0xef, 0xff, 0xb4, 0xff,
    0x40, 0x2e, 0xfb, 0x7f, 0xc0, 0x0, 0x8f, 0xb7,
    0xfc, 0x0, 0x8, 0xfb, 0x4f, 0xf4, 0x2, 0xef,
    0xb0, 0xbf, 0xff, 0xff, 0xfb, 0x0, 0x9e, 0xfc,
    0x8f, 0xb0,

    /* U+0065 "e" */
    0x0, 0x7d, 0xfd, 0x70, 0x0, 0xbf, 0xec, 0xef,
    0xa0, 0x4f, 0xd1, 0x11, 0xef, 0x27, 0xff, 0xff,
    0xff, 0xf5, 0x7f, 0xd4, 0x44, 0x44, 0x13, 0xff,
    0x50, 0x8, 0x0, 0xa, 0xff, 0xef, 0xf9, 0x0,
    0x7, 0xdf, 0xea, 0x20,

    /* U+0066 "f" */
    0x0, 0x8e, 0xf9, 0x6, 0xff, 0xd7, 0xa, 0xf8,
    0x0, 0xef, 0xff, 0xf5, 0xae, 0xfd, 0xc3, 0xb,
    0xf7, 0x0, 0xb, 0xf7, 0x0, 0xb, 0xf7, 0x0,
    0xb, 0xf7, 0x0, 0xb, 0xf7, 0x0, 0xb, 0xf7,
    0x0,

    /* U+0067 "g" */
    0x0, 0x8e, 0xfb, 0x7f, 0xc0, 0xbf, 0xfe, 0xff,
    0xfc, 0x4f, 0xf4, 0x1, 0xdf, 0xc7, 0xfb, 0x0,
    0x7, 0xfc, 0x7f, 0xc0, 0x0, 0x7f, 0xc3, 0xff,
    0x60, 0x3e, 0xfc, 0xa, 0xff, 0xff, 0xff, 0xc0,
    0x7, 0xcd, 0x98, 0xfb, 0x4, 0x30, 0x1, 0xdf,
    0x80, 0xef, 0xfe, 0xff, 0xe1, 0x4, 0xbe, 0xfe,
    0xa2, 0x0,

    /* U+0068 "h" */
    0xff, 0x30, 0x0, 0x0, 0xff, 0x30, 0x0, 0x0,
    0xff, 0x30, 0x0, 0x0, 0xff, 0x7c, 0xfd, 0x60,
    0xff, 0xff, 0xff, 0xf3, 0xff, 0xb1, 0x1d, 0xf9,
    0xff, 0x40, 0x8, 0xfb, 0xff, 0x30, 0x7, 0xfb,
    0xff, 0x30, 0x7, 0xfb, 0xff, 0x30, 0x7, 0xfb,
    0xff, 0x30, 0x7, 0xfb,

    /* U+0069 "i" */
    0x5, 0x60, 0x2f, 0xf6, 0x1d, 0xf3, 0x0, 0x0,
    0xf, 0xf3, 0xf, 0xf3, 0xf, 0xf3, 0xf, 0xf3,
    0xf, 0xf3, 0xf, 0xf3, 0xf, 0xf3, 0xf, 0xf3,

    /* U+006A "j" */
    0x0, 0x4, 0x60, 0x0, 0x1f, 0xf7, 0x0, 0xd,
    0xf4, 0x0, 0x0, 0x0, 0x0, 0xe, 0xf4, 0x0,
    0xe, 0xf4, 0x0, 0xe, 0xf4, 0x0, 0xe, 0xf4,
    0x0, 0xe, 0xf4, 0x0, 0xe, 0xf4, 0x0, 0xe,
    0xf4, 0x0, 0xe, 0xf4, 0x0, 0xf, 0xf3, 0xd,
    0xef, 0xe0, 0x2d, 0xfc, 0x30,

    /* U+006B "k" */
    0xff, 0x30, 0x0, 0x0, 0xf, 0xf3, 0x0, 0x0,
    0x0, 0xff, 0x30, 0x0, 0x0, 0xf, 0xf3, 0x2,
    0xef, 0x80, 0xff, 0x32, 0xef, 0x90, 0xf, 0xf5,
    0xef, 0xa0, 0x0, 0xff, 0xff, 0xf1, 0x0, 0xf,
    0xff, 0xff, 0xa0, 0x0, 0xff, 0xa4, 0xff, 0x60,
    0xf, 0xf3, 0x8, 0xff, 0x20, 0xff, 0x30, 0xb,
    0xfd, 0x0,

    /* U+006C "l" */
    0xff, 0x3f, 0xf3, 0xff, 0x3f, 0xf3, 0xff, 0x3f,
    0xf3, 0xff, 0x3f, 0xf3, 0xff, 0x3f, 0xf3, 0xff,
    0x30,

    /* U+006D "m" */
    0xff, 0x7d, 0xfd, 0x44, 0xcf, 0xd6, 0xf, 0xff,
    0xef, 0xff, 0xff, 0xef, 0xf4, 0xff, 0xa0, 0x1f,
    0xfd, 0x10, 0xcf, 0x9f, 0xf3, 0x0, 0xcf, 0x80,
    0x7, 0xfb, 0xff, 0x30, 0xb, 0xf7, 0x0, 0x7f,
    0xbf, 0xf3, 0x0, 0xbf, 0x70, 0x7, 0xfb, 0xff,
    0x30, 0xb, 0xf7, 0x0, 0x7f, 0xbf, 0xf3, 0x0,
    0xbf, 0x70, 0x7, 0xfb,

    /* U+006E "n" */
    0xff, 0x6c, 0xfd, 0x60, 0xff, 0xff, 0xff, 0xf3,
    0xff, 0xa0, 0xc, 0xf9, 0xff, 0x40, 0x8, 0xfb,
    0xff, 0x30, 0x7, 0xfb, 0xff, 0x30, 0x7, 0xfb,
    0xff, 0x30, 0x7, 0xfb, 0xff, 0x30, 0x7, 0xfb,

    /* U+006F "o" */
    0x0, 0x7d, 0xfe, 0x80, 0x0, 0xaf, 0xfe, 0xff,
    0xc0, 0x4f, 0xf4, 0x2, 0xef, 0x67, 0xfb, 0x0,
    0x9, 0xfa, 0x7f, 0xb0, 0x0, 0x9f, 0xa4, 0xff,
    0x40, 0x2e, 0xf6, 0xa, 0xff, 0xff, 0xfc, 0x0,
    0x7, 0xdf, 0xe8, 0x0,

    /* U+0070 "p" */
    0xff, 0x7d, 0xfd, 0x50, 0xf, 0xff, 0xed, 0xff,
    0x60, 0xff, 0xa0, 0x8, 0xfe, 0xf, 0xf3, 0x0,
    0x1f, 0xf2, 0xff, 0x30, 0x1, 0xff, 0x2f, 0xfb,
    0x0, 0x9f, 0xe0, 0xff, 0xff, 0xff, 0xf6, 0xf,
    0xf7, 0xdf, 0xd6, 0x0, 0xff, 0x30, 0x0, 0x0,
    0xf, 0xf3, 0x0, 0x0, 0x0, 0xff, 0x30, 0x0,
    0x0, 0x0,

    /* U+0071 "q" */
    0x0, 0x9e, 0xfb, 0x9f, 0xa0, 0xcf, 0xfe, 0xff,
    0xfa, 0x4f, 0xf4, 0x2, 0xef, 0xa7, 0xfb, 0x0,
    0x9, 0xfa, 0x7f, 0xb0, 0x0, 0x9f, 0xa4, 0xff,
    0x40, 0x2e, 0xfa, 0xc, 0xff, 0xff, 0xff, 0xa0,
    0x9, 0xef, 0xaa, 0xfa, 0x0, 0x0, 0x0, 0x8f,
    0xa0, 0x0, 0x0, 0x8, 0xfa, 0x0, 0x0, 0x0,
    0x8f, 0xa0,

    /* U+0072 "r" */
    0xff, 0x6d, 0xaf, 0xff, 0xfa, 0xff, 0xc1, 0xf,
    0xf4, 0x0, 0xff, 0x30, 0xf, 0xf3, 0x0, 0xff,
    0x30, 0xf, 0xf3, 0x0,

    /* U+0073 "s" */
    0x5, 0xcf, 0xec, 0x50, 0x3f, 0xfc, 0xcf, 0x70,
    0x7f, 0xa0, 0x1, 0x0, 0x4f, 0xfe, 0xb7, 0x0,
    0x4, 0xad, 0xff, 0xc0, 0x4, 0x0, 0x2f, 0xf0,
    0x6f, 0xec, 0xdf, 0xc0, 0x3b, 0xdf, 0xe9, 0x10,

    /* U+0074 "t" */
    0xb, 0xf7, 0x0, 0xb, 0xf7, 0x0, 0xef, 0xff,
    0xf5, 0xae, 0xfd, 0xc4, 0xb, 0xf7, 0x0, 0xb,
    0xf7, 0x0, 0xb, 0xf7, 0x0, 0xa, 0xf9, 0x0,
    0x7, 0xff, 0xd8, 0x0, 0x9e, 0xf8,

    /* U+0075 "u" */
    0xf, 0xf2, 0x0, 0x9f, 0x90, 0xff, 0x20, 0x9,
    0xf9, 0xf, 0xf2, 0x0, 0x9f, 0x90, 0xff, 0x20,
    0x9, 0xf9, 0xf, 0xf3, 0x0, 0xaf, 0x90, 0xef,
    0x90, 0x3f, 0xf9, 0x8, 0xff, 0xff, 0xff, 0x90,
    0x9, 0xef, 0xa8, 0xf9,

    /* U+0076 "v" */
    0xe, 0xf5, 0x0, 0xc, 0xf4, 0x8, 0xfb, 0x0,
    0x3f, 0xe0, 0x2, 0xff, 0x10, 0x9f, 0x70, 0x0,
    0xbf, 0x70, 0xff, 0x10, 0x0, 0x5f, 0xd6, 0xfb,
    0x0, 0x0, 0xe, 0xfe, 0xf4, 0x0, 0x0, 0x8,
    0xff, 0xe0, 0x0, 0x0, 0x2, 0xff, 0x80, 0x0,

    /* U+0077 "w" */
    0xdf, 0x30, 0x7, 0xfb, 0x0, 0xf, 0xe0, 0x7f,
    0x90, 0xd, 0xff, 0x10, 0x5f, 0x90, 0x2f, 0xe0,
    0x2f, 0xff, 0x50, 0xaf, 0x40, 0xc, 0xf3, 0x8f,
    0xaf, 0xb0, 0xfe, 0x0, 0x7, 0xf8, 0xdf, 0x1e,
    0xf6, 0xf9, 0x0, 0x1, 0xff, 0xfb, 0x9, 0xff,
    0xf3, 0x0, 0x0, 0xcf, 0xf5, 0x3, 0xff, 0xe0,
    0x0, 0x0, 0x7f, 0xf0, 0x0, 0xef, 0x80, 0x0,

    /* U+0078 "x" */
    0x7f, 0xe0, 0x8, 0xfc, 0x0, 0xcf, 0xa3, 0xff,
    0x20, 0x2, 0xff, 0xef, 0x50, 0x0, 0x6, 0xff,
    0xa0, 0x0, 0x0, 0x6f, 0xfc, 0x0, 0x0, 0x2f,
    0xfe, 0xf7, 0x0, 0xd, 0xf7, 0x3f, 0xf3, 0x9,
    0xfc, 0x0, 0x8f, 0xd0,

    /* U+0079 "y" */
    0xe, 0xf5, 0x0, 0xc, 0xf4, 0x8, 0xfb, 0x0,
    0x3f, 0xd0, 0x1, 0xff, 0x10, 0x9f, 0x70, 0x0,
    0xbf, 0x70, 0xff, 0x10, 0x0, 0x4f, 0xd6, 0xfa,
    0x0, 0x0, 0xe, 0xfe, 0xf4, 0x0, 0x0, 0x7,
    0xff, 0xd0, 0x0, 0x0, 0x1, 0xff, 0x70, 0x0,
    0x1, 0x2, 0xff, 0x10, 0x0, 0xc, 0xef, 0xf8,
    0x0, 0x0, 0xa, 0xee, 0x90, 0x0, 0x0,

    /* U+007A "z" */
    0x6f, 0xff, 0xff, 0xf1, 0x4c, 0xcc, 0xff, 0xe0,
    0x0, 0x4, 0xff, 0x30, 0x0, 0x1e, 0xf6, 0x0,
    0x0, 0xcf, 0x90, 0x0, 0xa, 0xfc, 0x0, 0x0,
    0x5f, 0xfd, 0xcc, 0xc2, 0x8f, 0xff, 0xff, 0xf3,

    /* U+007B "{" */
    0x0, 0x4d, 0xf4, 0x0, 0xef, 0xe3, 0x2, 0xff,
    0x10, 0x3, 0xff, 0x0, 0x3, 0xff, 0x0, 0x3,
    0xff, 0x0, 0x3e, 0xfb, 0x0, 0x4f, 0xf9, 0x0,
    0x4, 0xff, 0x0, 0x3, 0xff, 0x0, 0x3, 0xff,
    0x0, 0x2, 0xff, 0x10, 0x0, 0xff, 0xe3, 0x0,
    0x4d, 0xf4,

    /* U+007C "|" */
    0xdf, 0x2d, 0xf2, 0xdf, 0x2d, 0xf2, 0xdf, 0x2d,
    0xf2, 0xdf, 0x2d, 0xf2, 0xdf, 0x2d, 0xf2, 0xdf,
    0x2d, 0xf2, 0xdf, 0x2d, 0xf2,

    /* U+007D "}" */
    0xce, 0x90, 0xa, 0xff, 0x60, 0x9, 0xfa, 0x0,
    0x8f, 0xa0, 0x8, 0xfa, 0x0, 0x8f, 0xb0, 0x4,
    0xff, 0x90, 0x2e, 0xfc, 0x7, 0xfc, 0x0, 0x8f,
    0xa0, 0x8, 0xfa, 0x0, 0x9f, 0xa0, 0xaf, 0xf7,
    0xc, 0xea, 0x0,

    /* U+007E "~" */
    0x6, 0xec, 0x30, 0xca, 0xf, 0xde, 0xfb, 0xf6,
    0x3f, 0x20, 0x9f, 0xb0,

    /* U+0100 "Ā" */
    0x0, 0x0, 0x0, 0x0, 0x0, 0x0, 0x0, 0x3,
    0xff, 0xff, 0xf0, 0x0, 0x0, 0x0, 0x33, 0x33,
    0x30, 0x0, 0x0, 0x0, 0x0, 0x0, 0x0, 0x0,
    0x0, 0x0, 0xf, 0xfb, 0x0, 0x0, 0x0, 0x0,
    0x6f, 0xff, 0x20, 0x0, 0x0, 0x0, 0xdf, 0xcf,
    0x90, 0x0, 0x0, 0x4, 0xfd, 0x2f, 0xf0, 0x0,
    0x0, 0xb, 0xf6, 0xb, 0xf7, 0x0, 0x0, 0x2f,
    0xf0, 0x4, 0xfd, 0x0, 0x0, 0x9f, 0xff, 0xff,
    0xff, 0x50, 0x1, 0xff, 0xcc, 0xcc, 0xdf, 0xc0,
    0x7, 0xfc, 0x0, 0x0, 0x1f, 0xf3, 0xe, 0xf6,
    0x0, 0x0, 0xb, 0xfa,

    /* U+0101 "ā" */
    0x5, 0xff, 0xff, 0xd0, 0x1, 0x44, 0x44, 0x30,
    0x0, 0x0, 0x0, 0x0, 0x6, 0xce, 0xec, 0x40,
    0xd, 0xfd, 0xef, 0xf2, 0x2, 0x0, 0x1b, 0xf8,
    0x7, 0xef, 0xff, 0xfa, 0x4f, 0xe5, 0x4a, 0xfa,
    0x7f, 0xb0, 0xa, 0xfa, 0x3f, 0xfa, 0xbf, 0xfa,
    0x6, 0xdf, 0xc8, 0xfa,

    /* U+0102 "Ă" */
    0x0, 0x1, 0x81, 0x3, 0x70, 0x0, 0x0, 0x0,
    0xf8, 0x1c, 0xb0, 0x0, 0x0, 0x0, 0x5f, 0xfd,
    0x20, 0x0, 0x0, 0x0, 0x0, 0x20, 0x0, 0x0,
    0x0, 0x0, 0xf, 0xfb, 0x0, 0x0, 0x0, 0x0,
    0x6f, 0xff, 0x20, 0x0, 0x0, 0x0, 0xdf, 0xcf,
    0x90, 0x0, 0x0, 0x4, 0xfd, 0x2f, 0xf0, 0x0,
    0x0, 0xb, 0xf6, 0xb, 0xf7, 0x0, 0x0, 0x2f,
    0xf0, 0x4, 0xfd, 0x0, 0x0, 0x9f, 0xff, 0xff,
    0xff, 0x50, 0x1, 0xff, 0xcc, 0xcc, 0xdf, 0xc0,
    0x7, 0xfc, 0x0, 0x0, 0x1f, 0xf3, 0xe, 0xf6,
    0x0, 0x0, 0xb, 0xfa,

    /* U+0103 "ă" */
    0x3, 0xf5, 0xb, 0xb0, 0x0, 0x8f, 0xfe, 0x30,
    0x0, 0x1, 0x20, 0x0, 0x6, 0xce, 0xec, 0x40,
    0xd, 0xfd, 0xef, 0xf2, 0x2, 0x0, 0x1b, 0xf8,
    0x7, 0xef, 0xff, 0xfa, 0x4f, 0xe5, 0x4a, 0xfa,
    0x7f, 0xb0, 0xa, 0xfa, 0x3f, 0xfa, 0xbf, 0xfa,
    0x6, 0xdf, 0xc8, 0xfa,

    /* U+0104 "Ą" */
    0x0, 0x0, 0xf, 0xfb, 0x0, 0x0, 0x0, 0x0,
    0x6, 0xff, 0xf2, 0x0, 0x0, 0x0, 0x0, 0xdf,
    0xcf, 0x90, 0x0, 0x0, 0x0, 0x4f, 0xd2, 0xff,
    0x0, 0x0, 0x0, 0xb, 0xf6, 0xb, 0xf7, 0x0,
    0x0, 0x2, 0xff, 0x0, 0x4f, 0xd0, 0x0, 0x0,
    0x9f, 0xff, 0xff, 0xff, 0x50, 0x0, 0x1f, 0xfc,
    0xcc, 0xcd, 0xfc, 0x0, 0x7, 0xfc, 0x0, 0x0,
    0x1f, 0xf3, 0x0, 0xef, 0x60, 0x0, 0x0, 0xbf,
    0xe0, 0x0, 0x0, 0x0, 0x0, 0xa, 0xc2, 0x0,
    0x0, 0x0, 0x0, 0x1, 0xf5, 0x0, 0x0, 0x0,
    0x0, 0x0, 0xc, 0xff, 0x10, 0x0, 0x0, 0x0,
    0x0, 0x2, 0x10,

    /* U+0105 "ą" */
    0x6, 0xce, 0xec, 0x40, 0x0, 0xdf, 0xde, 0xff,
    0x20, 0x2, 0x0, 0x1b, 0xf8, 0x0, 0x7e, 0xff,
    0xff, 0xa0, 0x4f, 0xe5, 0x4a, 0xfa, 0x7, 0xfb,
    0x0, 0xaf, 0xa0, 0x3f, 0xfa, 0xbf, 0xfa, 0x0,
    0x6d, 0xfc, 0xaf, 0xe0, 0x0, 0x0, 0xd, 0x90,
    0x0, 0x0, 0x4, 0xf2, 0x0, 0x0, 0x0, 0x1e,
    0xfd, 0x0, 0x0, 0x0, 0x2, 0x0,

    /* U+0106 "Ć" */
    0x0, 0x0, 0x0, 0x68, 0x30, 0x0, 0x0, 0x8,
    0xf7, 0x0, 0x0, 0x0, 0x28, 0x40, 0x0, 0x0,
    0x0, 0x0, 0x0, 0x0, 0x0, 0x7, 0xdf, 0xeb,
    0x50, 0x1, 0xdf, 0xff, 0xff, 0xf8, 0xc, 0xfe,
    0x51, 0x16, 0xe3, 0x3f, 0xf4, 0x0, 0x0, 0x0,
    0x6f, 0xe0, 0x0, 0x0, 0x0, 0x6f, 0xe0, 0x0,
    0x0, 0x0, 0x3f, 0xf3, 0x0, 0x0, 0x0, 0xc,
    0xfe, 0x51, 0x16, 0xe3, 0x2, 0xdf, 0xff, 0xff,
    0xf8, 0x0, 0x18, 0xdf, 0xfb, 0x50,

    /* U+0107 "ć" */
    0x0, 0x0, 0x6f, 0xb1, 0x0, 0x0, 0x4f, 0x90,
    0x0, 0x0, 0x1, 0x10, 0x0, 0x0, 0x7, 0xdf,
    0xe8, 0x0, 0xa, 0xff, 0xef, 0xfb, 0x4, 0xff,
    0x40, 0x2b, 0x40, 0x7f, 0xb0, 0x0, 0x0, 0x7,
    0xfb, 0x0, 0x0, 0x0, 0x4f, 0xf4, 0x2, 0xb4,
    0x0, 0xaf, 0xff, 0xff, 0xb0, 0x0, 0x7d, 0xfe,
    0x80, 0x0,

    /* U+0108 "Ĉ" */
    0x0, 0x0, 0x38, 0x70, 0x0, 0x0, 0x2, 0xeb,
    0xea, 0x0, 0x0, 0x6, 0x60, 0x28, 0x20, 0x0,
    0x0, 0x0, 0x0, 0x0, 0x0, 0x7, 0xdf, 0xeb,
    0x50, 0x1, 0xdf, 0xff, 0xff, 0xf8, 0xc, 0xfe,
    0x51, 0x16, 0xe3, 0x3f, 0xf4, 0x0, 0x0, 0x0,
    0x6f, 0xe0, 0x0, 0x0, 0x0, 0x6f, 0xe0, 0x0,
    0x0, 0x0, 0x3f, 0xf3, 0x0, 0x0, 0x0, 0xc,
    0xfe, 0x51, 0x16, 0xe3, 0x2, 0xdf, 0xff, 0xff,
    0xf8, 0x0, 0x18, 0xdf, 0xfb, 0x50,

    /* U+0109 "ĉ" */
    0x0, 0x1d, 0xfc, 0x0, 0x0, 0xc, 0xd3, 0xdb,
    0x0, 0x0, 0x10, 0x0, 0x10, 0x0, 0x7, 0xdf,
    0xe8, 0x0, 0xa, 0xff, 0xef, 0xfb, 0x4, 0xff,
    0x40, 0x2b, 0x40, 0x7f, 0xb0, 0x0, 0x0, 0x7,
    0xfb, 0x0, 0x0, 0x0, 0x4f, 0xf4, 0x2, 0xb4,
    0x0, 0xaf, 0xff, 0xff, 0xb0, 0x0, 0x7d, 0xfe,
    0x80, 0x0,

    /* U+010A "Ċ" */
    0x0, 0x0, 0x2e, 0xa0, 0x0, 0x0, 0x0, 0x5f,
    0xe0, 0x0, 0x0, 0x0, 0x6, 0x30, 0x0, 0x0,
    0x0, 0x0, 0x0, 0x0, 0x0, 0x7, 0xdf, 0xeb,
    0x50, 0x1, 0xdf, 0xff, 0xff, 0xf8, 0xc, 0xfe,
    0x51, 0x16, 0xe3, 0x3f, 0xf4, 0x0, 0x0, 0x0,
    0x6f, 0xe0, 0x0, 0x0, 0x0, 0x6f, 0xe0, 0x0,
    0x0, 0x0, 0x3f, 0xf3, 0x0, 0x0, 0x0, 0xc,
    0xfe, 0x51, 0x16, 0xe3, 0x2, 0xdf, 0xff, 0xff,
    0xf8, 0x0, 0x18, 0xdf, 0xfb, 0x50,

    /* U+010B "ċ" */
    0x0, 0x1, 0x71, 0x0, 0x0, 0x0, 0xaf, 0x80,
    0x0, 0x0, 0x6, 0xe5, 0x0, 0x0, 0x0, 0x0,
    0x0, 0x0, 0x0, 0x7d, 0xfe, 0x80, 0x0, 0xaf,
    0xfe, 0xff, 0xb0, 0x4f, 0xf4, 0x2, 0xb4, 0x7,
    0xfb, 0x0, 0x0, 0x0, 0x7f, 0xb0, 0x0, 0x0,
    0x4, 0xff, 0x40, 0x2b, 0x40, 0xa, 0xff, 0xff,
    0xfb, 0x0, 0x7, 0xdf, 0xe8, 0x0,

    /* U+010C "Č" */
    0x0, 0x6, 0x60, 0x28, 0x20, 0x0, 0x2, 0xeb,
    0xea, 0x0, 0x0, 0x0, 0x38, 0x70, 0x0, 0x0,
    0x0, 0x0, 0x0, 0x0, 0x0, 0x7, 0xdf, 0xeb,
    0x50, 0x1, 0xdf, 0xff, 0xff, 0xf8, 0xc, 0xfe,
    0x51, 0x16, 0xe3, 0x3f, 0xf4, 0x0, 0x0, 0x0,
    0x6f, 0xe0, 0x0, 0x0, 0x0, 0x6f, 0xe0, 0x0,
    0x0, 0x0, 0x3f, 0xf3, 0x0, 0x0, 0x0, 0xc,
    0xfe, 0x51, 0x16, 0xe3, 0x2, 0xdf, 0xff, 0xff,
    0xf8, 0x0, 0x18, 0xdf, 0xfb, 0x50,

    /* U+010D "č" */
    0x1, 0xdb, 0x2c, 0xc0, 0x0, 0x2, 0xef, 0xd1,
    0x0, 0x0, 0x0, 0x10, 0x0, 0x0, 0x7, 0xdf,
    0xe8, 0x0, 0xa, 0xff, 0xef, 0xfb, 0x4, 0xff,
    0x40, 0x2b, 0x40, 0x7f, 0xb0, 0x0, 0x0, 0x7,
    0xfb, 0x0, 0x0, 0x0, 0x4f, 0xf4, 0x2, 0xb4,
    0x0, 0xaf, 0xff, 0xff, 0xb0, 0x0, 0x7d, 0xfe,
    0x80, 0x0,

    /* U+010E "Ď" */
    0x3, 0xf8, 0x4e, 0x80, 0x0, 0x0, 0x4, 0xff,
    0x90, 0x0, 0x0, 0x0, 0x0, 0x0, 0x0, 0x0,
    0xd, 0xff, 0xff, 0xeb, 0x40, 0x0, 0xdf, 0xff,
    0xff, 0xff, 0x90, 0xd, 0xf7, 0x0, 0x18, 0xff,
    0x50, 0xdf, 0x70, 0x0, 0xa, 0xfc, 0xd, 0xf7,
    0x0, 0x0, 0x5f, 0xf0, 0xdf, 0x70, 0x0, 0x5,
    0xff, 0xd, 0xf7, 0x0, 0x0, 0xaf, 0xc0, 0xdf,
    0x70, 0x1, 0x8f, 0xf5, 0xd, 0xff, 0xff, 0xff,
    0xf9, 0x0, 0xdf, 0xff, 0xfe, 0xb4, 0x0, 0x0,

    /* U+010F "ď" */
    0x0, 0x0, 0x0, 0x0, 0x2, 0xf6, 0x0, 0x0,
    0x0, 0x8f, 0xb2, 0xf5, 0x0, 0x0, 0x0, 0x8f,
    0xb2, 0xf3, 0x0, 0x0, 0x0, 0x8f, 0xb0, 0x0,
    0x0, 0x8e, 0xfb, 0x9f, 0xb0, 0x0, 0xb, 0xff,
    0xef, 0xff, 0xb0, 0x0, 0x4f, 0xf4, 0x2, 0xef,
    0xb0, 0x0, 0x7f, 0xc0, 0x0, 0x8f, 0xb0, 0x0,
    0x7f, 0xc0, 0x0, 0x8f, 0xb0, 0x0, 0x4f, 0xf4,
    0x2, 0xef, 0xb0, 0x0, 0xb, 0xff, 0xff, 0xff,
    0xb0, 0x0, 0x0, 0x9e, 0xfc, 0x8f, 0xb0, 0x0,

    /* U+0110 "Đ" */
    0xa, 0xff, 0xff, 0xec, 0x60, 0x0, 0xa, 0xff,
    0xff, 0xff, 0xfb, 0x0, 0xa, 0xf9, 0x0, 0x7,
    0xff, 0x80, 0xa, 0xf9, 0x0, 0x0, 0x7f, 0xf0,
    0xff, 0xff, 0xff, 0x10, 0x2f, 0xf2, 0x9f, 0xff,
    0x99, 0x0, 0x2f, 0xf2, 0xa, 0xf9, 0x0, 0x0,
    0x7f, 0xf0, 0xa, 0xf9, 0x0, 0x6, 0xff, 0x80,
    0xa, 0xff, 0xff, 0xff, 0xfb, 0x0, 0xa, 0xff,
    0xff, 0xec, 0x60, 0x0,

    /* U+0111 "đ" */
    0x0, 0x0, 0x0, 0x8f, 0xb0, 0x0, 0x1, 0xff,
    0xff, 0xfb, 0x0, 0x0, 0x55, 0xdf, 0xf3, 0x0,
    0x8e, 0xfb, 0x9f, 0xb0, 0xb, 0xff, 0xef, 0xff,
    0xb0, 0x4f, 0xf4, 0x2, 0xef, 0xb0, 0x7f, 0xc0,
    0x0, 0x8f, 0xb0, 0x7f, 0xc0, 0x0, 0x8f, 0xb0,
    0x4f, 0xf4, 0x2, 0xef, 0xb0, 0xb, 0xff, 0xff,
    0xff, 0xb0, 0x0, 0x9e, 0xfc, 0x8f, 0xb0,

    /* U+0112 "Ē" */
    0x0, 0x0, 0x0, 0x0, 0xb, 0xff, 0xff, 0x70,
    0x2, 0x33, 0x33, 0x10, 0x0, 0x0, 0x0, 0x0,
    0xdf, 0xff, 0xff, 0xf9, 0xdf, 0xfe, 0xee, 0xe8,
    0xdf, 0x60, 0x0, 0x0, 0xdf, 0x60, 0x0, 0x0,
    0xdf, 0xff, 0xff, 0xf0, 0xdf, 0xed, 0xdd, 0xd0,
    0xdf, 0x60, 0x0, 0x0, 0xdf, 0x60, 0x0, 0x0,
    0xdf, 0xfe, 0xee, 0xea, 0xdf, 0xff, 0xff, 0xfc,

    /* U+0113 "ē" */
    0x2, 0xff, 0xff, 0xf0, 0x0, 0x4, 0x44, 0x44,
    0x0, 0x0, 0x0, 0x0, 0x0, 0x0, 0x7, 0xdf,
    0xd7, 0x0, 0xb, 0xfe, 0xce, 0xfa, 0x4, 0xfd,
    0x11, 0x1e, 0xf2, 0x7f, 0xff, 0xff, 0xff, 0x57,
    0xfd, 0x44, 0x44, 0x41, 0x3f, 0xf5, 0x0, 0x80,
    0x0, 0xaf, 0xfe, 0xff, 0x90, 0x0, 0x7d, 0xfe,
    0xa2, 0x0,

    /* U+0114 "Ĕ" */
    0x5, 0x50, 0x7, 0x30, 0x7, 0xe2, 0x5f, 0x30,
    0x0, 0xcf, 0xf8, 0x0, 0x0, 0x1, 0x10, 0x0,
    0xdf, 0xff, 0xff, 0xf9, 0xdf, 0xfe, 0xee, 0xe8,
    0xdf, 0x60, 0x0, 0x0, 0xdf, 0x60, 0x0, 0x0,
    0xdf, 0xff, 0xff, 0xf0, 0xdf, 0xed, 0xdd, 0xd0,
    0xdf, 0x60, 0x0, 0x0, 0xdf, 0x60, 0x0, 0x0,
    0xdf, 0xfe, 0xee, 0xea, 0xdf, 0xff, 0xff, 0xfc,

    /* U+0115 "ĕ" */
    0x0, 0xf7, 0xa, 0xe0, 0x0, 0x6, 0xff, 0xe4,
    0x0, 0x0, 0x0, 0x20, 0x0, 0x0, 0x7, 0xdf,
    0xd7, 0x0, 0xb, 0xfe, 0xce, 0xfa, 0x4, 0xfd,
    0x11, 0x1e, 0xf2, 0x7f, 0xff, 0xff, 0xff, 0x57,
    0xfd, 0x44, 0x44, 0x41, 0x3f, 0xf5, 0x0, 0x80,
    0x0, 0xaf, 0xfe, 0xff, 0x90, 0x0, 0x7d, 0xfe,
    0xa2, 0x0,

    /* U+0116 "Ė" */
    0x0, 0x5, 0x30, 0x0, 0x0, 0x3f, 0xf0, 0x0,
    0x0, 0x1e, 0xb0, 0x0, 0x0, 0x0, 0x0, 0x0,
    0xdf, 0xff, 0xff, 0xf9, 0xdf, 0xfe, 0xee, 0xe8,
    0xdf, 0x60, 0x0, 0x0, 0xdf, 0x60, 0x0, 0x0,
    0xdf, 0xff, 0xff, 0xf0, 0xdf, 0xed, 0xdd, 0xd0,
    0xdf, 0x60, 0x0, 0x0, 0xdf, 0x60, 0x0, 0x0,
    0xdf, 0xfe, 0xee, 0xea, 0xdf, 0xff, 0xff, 0xfc,

    /* U+0117 "ė" */
    0x0, 0x2, 0x71, 0x0, 0x0, 0x0, 0xaf, 0x80,
    0x0, 0x0, 0x7, 0xe4, 0x0, 0x0, 0x0, 0x0,
    0x0, 0x0, 0x0, 0x7d, 0xfd, 0x70, 0x0, 0xbf,
    0xec, 0xef, 0xa0, 0x4f, 0xd1, 0x11, 0xef, 0x27,
    0xff, 0xff, 0xff, 0xf5, 0x7f, 0xd4, 0x44, 0x44,
    0x13, 0xff, 0x50, 0x8, 0x0, 0xa, 0xff, 0xef,
    0xf9, 0x0, 0x7, 0xdf, 0xea, 0x20,

    /* U+0118 "Ę" */
    0xdf, 0xff, 0xff, 0xf9, 0xd, 0xff, 0xee, 0xee,
    0x80, 0xdf, 0x60, 0x0, 0x0, 0xd, 0xf6, 0x0,
    0x0, 0x0, 0xdf, 0xff, 0xff, 0xf0, 0xd, 0xfe,
    0xdd, 0xdd, 0x0, 0xdf, 0x60, 0x0, 0x0, 0xd,
    0xf6, 0x0, 0x0, 0x0, 0xdf, 0xfe, 0xee, 0xea,
    0xd, 0xff, 0xff, 0xff, 0xf0, 0x0, 0x0, 0xc,
    0xb2, 0x0, 0x0, 0x3, 0xf4, 0x0, 0x0, 0x0,
    0xd, 0xfe, 0x0, 0x0, 0x0, 0x2, 0x0,

    /* U+0119 "ę" */
    0x0, 0x7d, 0xfd, 0x70, 0x0, 0xbf, 0xec, 0xef,
    0xa0, 0x4f, 0xd1, 0x11, 0xef, 0x27, 0xff, 0xff,
    0xff, 0xf5, 0x7f, 0xd4, 0x44, 0x44, 0x13, 0xff,
    0x50, 0x8, 0x0, 0xa, 0xff, 0xef, 0xf9, 0x0,
    0x7, 0xdf, 0xfd, 0x20, 0x0, 0x0, 0x4e, 0x10,
    0x0, 0x0, 0x9, 0xd0, 0x0, 0x0, 0x0, 0x4f,
    0xf8, 0x0, 0x0, 0x0, 0x2, 0x0,

    /* U+011A "Ě" */
    0x7, 0xf4, 0x8f, 0x30, 0x0, 0x9f, 0xf4, 0x0,
    0x0, 0x0, 0x0, 0x0, 0xdf, 0xff, 0xff, 0xf9,
    0xdf, 0xfe, 0xee, 0xe8, 0xdf, 0x60, 0x0, 0x0,
    0xdf, 0x60, 0x0, 0x0, 0xdf, 0xff, 0xff, 0xf0,
    0xdf, 0xed, 0xdd, 0xd0, 0xdf, 0x60, 0x0, 0x0,
    0xdf, 0x60, 0x0, 0x0, 0xdf, 0xfe, 0xee, 0xea,
    0xdf, 0xff, 0xff, 0xfc,

    /* U+011B "ě" */
    0x1, 0xdb, 0x2d, 0xc0, 0x0, 0x2, 0xef, 0xd1,
    0x0, 0x0, 0x1, 0x10, 0x0, 0x0, 0x7, 0xdf,
    0xd7, 0x0, 0xb, 0xfe, 0xce, 0xfa, 0x4, 0xfd,
    0x11, 0x1e, 0xf2, 0x7f, 0xff, 0xff, 0xff, 0x57,
    0xfd, 0x44, 0x44, 0x41, 0x3f, 0xf5, 0x0, 0x80,
    0x0, 0xaf, 0xfe, 0xff, 0x90, 0x0, 0x7d, 0xfe,
    0xa2, 0x0,

    /* U+011C "Ĝ" */
    0x0, 0x0, 0x28, 0x70, 0x0, 0x0, 0x0, 0x2e,
    0xce, 0xb0, 0x0, 0x0, 0x5, 0x70, 0x17, 0x30,
    0x0, 0x0, 0x0, 0x0, 0x0, 0x0, 0x0, 0x7,
    0xdf, 0xfc, 0x60, 0x0, 0x1d, 0xff, 0xff, 0xff,
    0xb0, 0xc, 0xfe, 0x61, 0x15, 0xd4, 0x3, 0xff,
    0x40, 0x0, 0x0, 0x0, 0x6f, 0xe0, 0x0, 0x0,
    0x21, 0x6, 0xfe, 0x0, 0x0, 0x3f, 0xd0, 0x3f,
    0xf4, 0x0, 0x3, 0xfd, 0x0, 0xcf, 0xe5, 0x10,
    0x6f, 0xd0, 0x1, 0xdf, 0xff, 0xff, 0xfc, 0x0,
    0x0, 0x8d, 0xff, 0xc7, 0x0,

    /* U+011D "ĝ" */
    0x0, 0xa, 0xff, 0x30, 0x0, 0x8, 0xf4, 0xae,
    0x20, 0x0, 0x11, 0x0, 0x10, 0x0, 0x8, 0xef,
    0xb7, 0xfc, 0xb, 0xff, 0xef, 0xff, 0xc4, 0xff,
    0x40, 0x1d, 0xfc, 0x7f, 0xb0, 0x0, 0x7f, 0xc7,
    0xfc, 0x0, 0x7, 0xfc, 0x3f, 0xf6, 0x3, 0xef,
    0xc0, 0xaf, 0xff, 0xff, 0xfc, 0x0, 0x7c, 0xd9,
    0x8f, 0xb0, 0x43, 0x0, 0x1d, 0xf8, 0xe, 0xff,
    0xef, 0xfe, 0x10, 0x4b, 0xef, 0xea, 0x20,

    /* U+011E "Ğ" */
    0x0, 0x5, 0x50, 0x7, 0x20, 0x0, 0x0, 0x8e,
    0x15, 0xf3, 0x0, 0x0, 0x1, 0xcf, 0xf8, 0x0,
    0x0, 0x0, 0x0, 0x11, 0x0, 0x0, 0x0, 0x7,
    0xdf, 0xfc, 0x60, 0x0, 0x1d, 0xff, 0xff, 0xff,
    0xb0, 0xc, 0xfe, 0x61, 0x15, 0xd4, 0x3, 0xff,
    0x40, 0x0, 0x0, 0x0, 0x6f, 0xe0, 0x0, 0x0,
    0x21, 0x6, 0xfe, 0x0, 0x0, 0x3f, 0xd0, 0x3f,
    0xf4, 0x0, 0x3, 0xfd, 0x0, 0xcf, 0xe5, 0x10,
    0x6f, 0xd0, 0x1, 0xdf, 0xff, 0xff, 0xfc, 0x0,
    0x0, 0x8d, 0xff, 0xc7, 0x0,

    /* U+011F "ğ" */
    0x0, 0xac, 0x14, 0xf3, 0x0, 0x2, 0xdf, 0xf9,
    0x0, 0x0, 0x0, 0x21, 0x0, 0x0, 0x8, 0xef,
    0xb7, 0xfc, 0xb, 0xff, 0xef, 0xff, 0xc4, 0xff,
    0x40, 0x1d, 0xfc, 0x7f, 0xb0, 0x0, 0x7f, 0xc7,
    0xfc, 0x0, 0x7, 0xfc, 0x3f, 0xf6, 0x3, 0xef,
    0xc0, 0xaf, 0xff, 0xff, 0xfc, 0x0, 0x7c, 0xd9,
    0x8f, 0xb0, 0x43, 0x0, 0x1d, 0xf8, 0xe, 0xff,
    0xef, 0xfe, 0x10, 0x4b, 0xef, 0xea, 0x20,

    /* U+0120 "Ġ" */
    0x0, 0x0, 0x2e, 0xb0, 0x0, 0x0, 0x0, 0x4,
    0xff, 0x0, 0x0, 0x0, 0x0, 0x5, 0x30, 0x0,
    0x0, 0x0, 0x0, 0x0, 0x0, 0x0, 0x0, 0x7,
    0xdf, 0xfc, 0x60, 0x0, 0x1d, 0xff, 0xff, 0xff,
    0xb0, 0xc, 0xfe, 0x61, 0x15, 0xd4, 0x3, 0xff,
    0x40, 0x0, 0x0, 0x0, 0x6f, 0xe0, 0x0, 0x0,
    0x21, 0x6, 0xfe, 0x0, 0x0, 0x3f, 0xd0, 0x3f,
    0xf4, 0x0, 0x3, 0xfd, 0x0, 0xcf, 0xe5, 0x10,
    0x6f, 0xd0, 0x1, 0xdf, 0xff, 0xff, 0xfc, 0x0,
    0x0, 0x8d, 0xff, 0xc7, 0x0,

    /* U+0121 "ġ" */
    0x0, 0x0, 0x63, 0x0, 0x0, 0x0, 0x5f, 0xe0,
    0x0, 0x0, 0x2, 0xea, 0x0, 0x0, 0x0, 0x0,
    0x0, 0x0, 0x0, 0x8e, 0xfb, 0x7f, 0xc0, 0xbf,
    0xfe, 0xff, 0xfc, 0x4f, 0xf4, 0x1, 0xdf, 0xc7,
    0xfb, 0x0, 0x7, 0xfc, 0x7f, 0xc0, 0x0, 0x7f,
    0xc3, 0xff, 0x60, 0x3e, 0xfc, 0xa, 0xff, 0xff,
    0xff, 0xc0, 0x7, 0xcd, 0x98, 0xfb, 0x4, 0x30,
    0x1, 0xdf, 0x80, 0xef, 0xfe, 0xff, 0xe1, 0x4,
    0xbe, 0xfe, 0xa2, 0x0,

    /* U+0122 "Ģ" */
    0x0, 0x7, 0xdf, 0xfc, 0x60, 0x0, 0x1d, 0xff,
    0xff, 0xff, 0xb0, 0xc, 0xfe, 0x61, 0x15, 0xd4,
    0x3, 0xff, 0x40, 0x0, 0x0, 0x0, 0x6f, 0xe0,
    0x0, 0x0, 0x21, 0x6, 0xfe, 0x0, 0x0, 0x3f,
    0xd0, 0x3f, 0xf4, 0x0, 0x3, 0xfd, 0x0, 0xcf,
    0xe5, 0x10, 0x6f, 0xd0, 0x1, 0xdf, 0xff, 0xff,
    0xfc, 0x0, 0x0, 0x8d, 0xff, 0xc7, 0x0, 0x0,
    0x0, 0x0, 0x0, 0x0, 0x0, 0x0, 0x1, 0xe7,
    0x0, 0x0, 0x0, 0x0, 0x1e, 0x80, 0x0, 0x0,
    0x0, 0x0, 0xc1, 0x0, 0x0,

    /* U+0123 "ģ" */
    0x0, 0x0, 0xa9, 0x0, 0x0, 0x0, 0x1f, 0x80,
    0x0, 0x0, 0x3, 0xfc, 0x0, 0x0, 0x0, 0x1,
    0x0, 0x0, 0x0, 0x8e, 0xfb, 0x7f, 0xc0, 0xbf,
    0xfe, 0xff, 0xfc, 0x4f, 0xf4, 0x1, 0xdf, 0xc7,
    0xfb, 0x0, 0x7, 0xfc, 0x7f, 0xc0, 0x0, 0x7f,
    0xc3, 0xff, 0x60, 0x3e, 0xfc, 0xa, 0xff, 0xff,
    0xff, 0xc0, 0x7, 0xcd, 0x98, 0xfb, 0x4, 0x30,
    0x1, 0xdf, 0x80, 0xef, 0xfe, 0xff, 0xe1, 0x4,
    0xbe, 0xfe, 0xa2, 0x0,

    /* U+0124 "Ĥ" */
    0x0, 0xb, 0xfe, 0x20, 0x0, 0x0, 0xad, 0x3a,
    0xe1, 0x0, 0x0, 0x0, 0x0, 0x0, 0x0, 0xdf,
    0x70, 0x0, 0x2f, 0xf2, 0xdf, 0x70, 0x0, 0x2f,
    0xf2, 0xdf, 0x70, 0x0, 0x2f, 0xf2, 0xdf, 0x70,
    0x0, 0x2f, 0xf2, 0xdf, 0xff, 0xff, 0xff, 0xf2,
    0xdf, 0xff, 0xff, 0xff, 0xf2, 0xdf, 0x70, 0x0,
    0x2f, 0xf2, 0xdf, 0x70, 0x0, 0x2f, 0xf2, 0xdf,
    0x70, 0x0, 0x2f, 0xf2, 0xdf, 0x70, 0x0, 0x2f,
    0xf2,

    /* U+0125 "ĥ" */
    0x0, 0x78, 0x20, 0x0, 0x0, 0xc, 0xdc, 0xe1,
    0x0, 0x0, 0x37, 0x10, 0x75, 0x0, 0x0, 0x0,
    0xff, 0x30, 0x0, 0x0, 0x0, 0xff, 0x30, 0x0,
    0x0, 0x0, 0xff, 0x30, 0x0, 0x0, 0x0, 0xff,
    0x7c, 0xfd, 0x60, 0x0, 0xff, 0xff, 0xff, 0xf3,
    0x0, 0xff, 0xb1, 0x1d, 0xf9, 0x0, 0xff, 0x40,
    0x8, 0xfb, 0x0, 0xff, 0x30, 0x7, 0xfb, 0x0,
    0xff, 0x30, 0x7, 0xfb, 0x0, 0xff, 0x30, 0x7,
    0xfb, 0x0, 0xff, 0x30, 0x7, 0xfb,

    /* U+0126 "Ħ" */
    0xa, 0xfa, 0x0, 0x0, 0xff, 0x50, 0xef, 0xff,
    0xff, 0xff, 0xff, 0xf9, 0x8d, 0xfd, 0x99, 0x99,
    0xff, 0xb5, 0xa, 0xfa, 0x0, 0x0, 0xff, 0x50,
    0xa, 0xff, 0xff, 0xff, 0xff, 0x50, 0xa, 0xff,
    0xff, 0xff, 0xff, 0x50, 0xa, 0xfa, 0x0, 0x0,
    0xff, 0x50, 0xa, 0xfa, 0x0, 0x0, 0xff, 0x50,
    0xa, 0xfa, 0x0, 0x0, 0xff, 0x50, 0xa, 0xfa,
    0x0, 0x0, 0xff, 0x50,

    /* U+0127 "ħ" */
    0xd, 0xf5, 0x0, 0x0, 0xf, 0xff, 0xff, 0xb0,
    0x0, 0x5e, 0xf9, 0x53, 0x0, 0x0, 0xdf, 0x8b,
    0xfe, 0x70, 0xd, 0xff, 0xff, 0xff, 0x60, 0xdf,
    0xd2, 0xb, 0xfc, 0xd, 0xf7, 0x0, 0x5f, 0xd0,
    0xdf, 0x50, 0x5, 0xfe, 0xd, 0xf5, 0x0, 0x5f,
    0xe0, 0xdf, 0x50, 0x5, 0xfe, 0xd, 0xf5, 0x0,
    0x5f, 0xe0,

    /* U+0128 "Ĩ" */
    0x0, 0x0, 0x0, 0xa, 0xf7, 0x9a, 0xf, 0x7e,
    0xf5, 0x4, 0x1, 0x20, 0x0, 0xdf, 0x70, 0x0,
    0xdf, 0x70, 0x0, 0xdf, 0x70, 0x0, 0xdf, 0x70,
    0x0, 0xdf, 0x70, 0x0, 0xdf, 0x70, 0x0, 0xdf,
    0x70, 0x0, 0xdf, 0x70, 0x0, 0xdf, 0x70, 0x0,
    0xdf, 0x70,

    /* U+0129 "ĩ" */
    0xa, 0xe4, 0xc5, 0x1f, 0x7f, 0xf2, 0x4, 0x2,
    0x20, 0x0, 0xff, 0x30, 0x0, 0xff, 0x30, 0x0,
    0xff, 0x30, 0x0, 0xff, 0x30, 0x0, 0xff, 0x30,
    0x0, 0xff, 0x30, 0x0, 0xff, 0x30, 0x0, 0xff,
    0x30,

    /* U+012A "Ī" */
    0x0, 0x0, 0xc, 0xff, 0xf6, 0x23, 0x33, 0x10,
    0x0, 0x0, 0xd, 0xf7, 0x0, 0xdf, 0x70, 0xd,
    0xf7, 0x0, 0xdf, 0x70, 0xd, 0xf7, 0x0, 0xdf,
    0x70, 0xd, 0xf7, 0x0, 0xdf, 0x70, 0xd, 0xf7,
    0x0, 0xdf, 0x70,

    /* U+012B "ī" */
    0xff, 0xff, 0x34, 0x44, 0x40, 0x0, 0x0, 0x0,
    0xff, 0x30, 0xf, 0xf3, 0x0, 0xff, 0x30, 0xf,
    0xf3, 0x0, 0xff, 0x30, 0xf, 0xf3, 0x0, 0xff,
    0x30, 0xf, 0xf3, 0x0,

    /* U+012C "Ĭ" */
    0x18, 0x10, 0x46, 0x1f, 0x71, 0xda, 0x6, 0xff,
    0xd1, 0x0, 0x2, 0x0, 0x0, 0xdf, 0x70, 0x0,
    0xdf, 0x70, 0x0, 0xdf, 0x70, 0x0, 0xdf, 0x70,
    0x0, 0xdf, 0x70, 0x0, 0xdf, 0x70, 0x0, 0xdf,
    0x70, 0x0, 0xdf, 0x70, 0x0, 0xdf, 0x70, 0x0,
    0xdf, 0x70,

    /* U+012D "ĭ" */
    0xf, 0x63, 0xf3, 0x7, 0xff, 0xa0, 0x0, 0x11,
    0x0, 0x0, 0xff, 0x30, 0x0, 0xff, 0x30, 0x0,
    0xff, 0x30, 0x0, 0xff, 0x30, 0x0, 0xff, 0x30,
    0x0, 0xff, 0x30, 0x0, 0xff, 0x30, 0x0, 0xff,
    0x30,

    /* U+012E "Į" */
    0xdf, 0x7d, 0xf7, 0xdf, 0x7d, 0xf7, 0xdf, 0x7d,
    0xf7, 0xdf, 0x7d, 0xf7, 0xdf, 0x7d, 0xf8, 0x7d,
    0x1d, 0xa0, 0x8f, 0xb0, 0x10,

    /* U+012F "į" */
    0x5, 0x60, 0x2f, 0xf6, 0x1d, 0xf3, 0x0, 0x0,
    0xf, 0xf3, 0xf, 0xf3, 0xf, 0xf3, 0xf, 0xf3,
    0xf, 0xf3, 0xf, 0xf3, 0xf, 0xf3, 0xf, 0xf3,
    0xb, 0xa0, 0xf, 0x60, 0xc, 0xf7, 0x0, 0x20,

    /* U+0130 "İ" */
    0x26, 0xc, 0xf6, 0x9e, 0x30, 0x0, 0xdf, 0x7d,
    0xf7, 0xdf, 0x7d, 0xf7, 0xdf, 0x7d, 0xf7, 0xdf,
    0x7d, 0xf7, 0xdf, 0x7d, 0xf7,

    /* U+0131 "ı" */
    0xff, 0x3f, 0xf3, 0xff, 0x3f, 0xf3, 0xff, 0x3f,
    0xf3, 0xff, 0x3f, 0xf3,

    /* U+0132 "Ĳ" */
    0xe, 0xf5, 0x0, 0x3f, 0xf1, 0xe, 0xf5, 0x0,
    0x3f, 0xf1, 0xe, 0xf5, 0x0, 0x3f, 0xf1, 0xe,
    0xf5, 0x0, 0x3f, 0xf1, 0xe, 0xf5, 0x0, 0x3f,
    0xf1, 0x8, 0x83, 0x0, 0x3f, 0xf0, 0x0, 0x0,
    0x0, 0x5f, 0xf0, 0x5, 0x62, 0x3, 0xdf, 0xa0,
    0xe, 0xff, 0xff, 0xfe, 0x20, 0x4, 0xae, 0xfe,
    0xa2, 0x0,

    /* U+0133 "ĳ" */
    0x5, 0x60, 0x2, 0x71, 0x2f, 0xf6, 0xd, 0xfa,
    0x1d, 0xf3, 0xa, 0xf6, 0x0, 0x0, 0x0, 0x0,
    0xf, 0xf3, 0xb, 0xf8, 0xf, 0xf3, 0xb, 0xf8,
    0xf, 0xf3, 0xb, 0xf8, 0xf, 0xf3, 0xb, 0xf8,
    0xf, 0xf3, 0xb, 0xf8, 0xf, 0xf3, 0xb, 0xf8,
    0xf, 0xf3, 0xb, 0xf8, 0xf, 0xf3, 0xb, 0xf7,
    0x0, 0x0, 0xc, 0xf6, 0x0, 0xb, 0xef, 0xf2,
    0x0, 0xc, 0xfd, 0x50,

    /* U+0134 "Ĵ" */
    0x0, 0x4, 0x86, 0x0, 0x0, 0x4f, 0xbf, 0x80,
    0x0, 0x75, 0x3, 0x81, 0x0, 0x0, 0x0, 0x0,
    0x3, 0xff, 0xff, 0xf8, 0x2, 0xee, 0xef, 0xf8,
    0x0, 0x0, 0xc, 0xf8, 0x0, 0x0, 0xc, 0xf8,
    0x0, 0x0, 0xc, 0xf8, 0x0, 0x0, 0xc, 0xf8,
    0x0, 0x0, 0xc, 0xf7, 0x6, 0x80, 0x2f, 0xf5,
    0xf, 0xff, 0xff, 0xe0, 0x3, 0xbf, 0xeb, 0x20,

    /* U+0135 "ĵ" */
    0x0, 0x2f, 0xf8, 0x0, 0xd, 0xc6, 0xf4, 0x0,
    0x0, 0x0, 0x0, 0x0, 0xef, 0x40, 0x0, 0xe,
    0xf4, 0x0, 0x0, 0xef, 0x40, 0x0, 0xe, 0xf4,
    0x0, 0x0, 0xef, 0x40, 0x0, 0xe, 0xf4, 0x0,
    0x0, 0xef, 0x40, 0x0, 0xe, 0xf4, 0x0, 0x0,
    0xff, 0x30, 0xd, 0xef, 0xe0, 0x2, 0xdf, 0xc3,
    0x0,

    /* U+0136 "Ķ" */
    0xdf, 0x60, 0x0, 0xbf, 0xc0, 0xdf, 0x60, 0xa,
    0xfd, 0x10, 0xdf, 0x60, 0x9f, 0xe1, 0x0, 0xdf,
    0x67, 0xfe, 0x20, 0x0, 0xdf, 0xcf, 0xf6, 0x0,
    0x0, 0xdf, 0xff, 0xfe, 0x10, 0x0, 0xdf, 0xf6,
    0xdf, 0xc0, 0x0, 0xdf, 0x80, 0x2f, 0xf9, 0x0,
    0xdf, 0x60, 0x5, 0xff, 0x50, 0xdf, 0x60, 0x0,
    0x8f, 0xf2, 0x0, 0x0, 0x0, 0x0, 0x0, 0x0,
    0x7, 0xe2, 0x0, 0x0, 0x0, 0x6, 0xf2, 0x0,
    0x0, 0x0, 0x4, 0x90, 0x0, 0x0,

    /* U+0137 "ķ" */
    0xff, 0x30, 0x0, 0x0, 0xf, 0xf3, 0x0, 0x0,
    0x0, 0xff, 0x30, 0x0, 0x0, 0xf, 0xf3, 0x2,
    0xef, 0x80, 0xff, 0x32, 0xef, 0x90, 0xf, 0xf5,
    0xef, 0xa0, 0x0, 0xff, 0xff, 0xf1, 0x0, 0xf,
    0xff, 0xff, 0xa0, 0x0, 0xff, 0xa4, 0xff, 0x60,
    0xf, 0xf3, 0x8, 0xff, 0x20, 0xff, 0x30, 0xb,
    0xfd, 0x0, 0x0, 0x0, 0x0, 0x0, 0x0, 0x5e,
    0x40, 0x0, 0x0, 0x3, 0xf4, 0x0, 0x0, 0x0,
    0x2b, 0x0, 0x0, 0x0,

    /* U+0138 "ĸ" */
    0xff, 0x30, 0x2e, 0xf8, 0xf, 0xf3, 0x2e, 0xf9,
    0x0, 0xff, 0x5e, 0xfa, 0x0, 0xf, 0xff, 0xff,
    0x10, 0x0, 0xff, 0xff, 0xfa, 0x0, 0xf, 0xfa,
    0x4f, 0xf6, 0x0, 0xff, 0x30, 0x8f, 0xf2, 0xf,
    0xf3, 0x0, 0xbf, 0xd0,

    /* U+0139 "Ĺ" */
    0x9, 0xf9, 0x0, 0x0, 0x8f, 0x60, 0x0, 0x0,
    0x0, 0x0, 0x0, 0x0, 0xdf, 0x70, 0x0, 0x0,
    0xdf, 0x70, 0x0, 0x0, 0xdf, 0x70, 0x0, 0x0,
    0xdf, 0x70, 0x0, 0x0, 0xdf, 0x70, 0x0, 0x0,
    0xdf, 0x70, 0x0, 0x0, 0xdf, 0x70, 0x0, 0x0,
    0xdf, 0x70, 0x0, 0x0, 0xdf, 0xff, 0xff, 0xf5,
    0xdf, 0xff, 0xff, 0xf5,

    /* U+013A "ĺ" */
    0x0, 0xaf, 0x80, 0x6, 0xf8, 0x0, 0x7, 0x60,
    0x0, 0xf, 0xf3, 0x0, 0xf, 0xf3, 0x0, 0xf,
    0xf3, 0x0, 0xf, 0xf3, 0x0, 0xf, 0xf3, 0x0,
    0xf, 0xf3, 0x0, 0xf, 0xf3, 0x0, 0xf, 0xf3,
    0x0, 0xf, 0xf3, 0x0, 0xf, 0xf3, 0x0, 0xf,
    0xf3, 0x0,

    /* U+013B "Ļ" */
    0xdf, 0x70, 0x0, 0x0, 0xdf, 0x70, 0x0, 0x0,
    0xdf, 0x70, 0x0, 0x0, 0xdf, 0x70, 0x0, 0x0,
    0xdf, 0x70, 0x0, 0x0, 0xdf, 0x70, 0x0, 0x0,
    0xdf, 0x70, 0x0, 0x0, 0xdf, 0x70, 0x0, 0x0,
    0xdf, 0xff, 0xff, 0xf5, 0xdf, 0xff, 0xff, 0xf5,
    0x0, 0x0, 0x0, 0x0, 0x0, 0x1e, 0x80, 0x0,
    0x0, 0xe, 0x90, 0x0, 0x0, 0xb, 0x20, 0x0,

    /* U+013C "ļ" */
    0xff, 0x3f, 0xf3, 0xff, 0x3f, 0xf3, 0xff, 0x3f,
    0xf3, 0xff, 0x3f, 0xf3, 0xff, 0x3f, 0xf3, 0xff,
    0x30, 0x0, 0xad, 0x9, 0xe0, 0x76, 0x0,

    /* U+013D "Ľ" */
    0x0, 0x0, 0xf, 0x90, 0xdf, 0x70, 0xf, 0x80,
    0xdf, 0x70, 0xe, 0x60, 0xdf, 0x70, 0x0, 0x0,
    0xdf, 0x70, 0x0, 0x0, 0xdf, 0x70, 0x0, 0x0,
    0xdf, 0x70, 0x0, 0x0, 0xdf, 0x70, 0x0, 0x0,
    0xdf, 0x70, 0x0, 0x0, 0xdf, 0xff, 0xff, 0xf5,
    0xdf, 0xff, 0xff, 0xf5,

    /* U+013E "ľ" */
    0x0, 0xa, 0xdf, 0xf3, 0xbd, 0xff, 0x3b, 0xbf,
    0xf3, 0x0, 0xff, 0x30, 0xf, 0xf3, 0x0, 0xff,
    0x30, 0xf, 0xf3, 0x0, 0xff, 0x30, 0xf, 0xf3,
    0x0, 0xff, 0x30, 0xf, 0xf3, 0x0,

    /* U+013F "Ŀ" */
    0xdf, 0x70, 0x0, 0x0, 0xdf, 0x70, 0x0, 0x0,
    0xdf, 0x70, 0x17, 0x30, 0xdf, 0x70, 0x7f, 0xd0,
    0xdf, 0x70, 0x3f, 0x80, 0xdf, 0x70, 0x0, 0x0,
    0xdf, 0x70, 0x0, 0x0, 0xdf, 0x70, 0x0, 0x0,
    0xdf, 0xff, 0xff, 0xf5, 0xdf, 0xff, 0xff, 0xf5,

    /* U+0140 "ŀ" */
    0xff, 0x30, 0x0, 0xff, 0x30, 0x0, 0xff, 0x30,
    0x0, 0xff, 0x30, 0x0, 0xff, 0x31, 0x30, 0xff,
    0x3b, 0xf4, 0xff, 0x39, 0xe2, 0xff, 0x30, 0x0,
    0xff, 0x30, 0x0, 0xff, 0x30, 0x0, 0xff, 0x30,
    0x0,

    /* U+0141 "Ł" */
    0x0, 0xaf, 0x90, 0x0, 0x0, 0x0, 0xaf, 0x90,
    0x0, 0x0, 0x0, 0xaf, 0xa9, 0x70, 0x0, 0x0,
    0xaf, 0xff, 0x50, 0x0, 0x0, 0xff, 0xf2, 0x0,
    0x0, 0x9, 0xff, 0xa0, 0x0, 0x0, 0xc, 0xff,
    0x90, 0x0, 0x0, 0x0, 0xaf, 0x90, 0x0, 0x0,
    0x0, 0xaf, 0xff, 0xff, 0xf7, 0x0, 0xaf, 0xff,
    0xff, 0xf8,

    /* U+0142 "ł" */
    0x0, 0xdf, 0x60, 0x0, 0xdf, 0x60, 0x0, 0xdf,
    0x60, 0x0, 0xdf, 0x83, 0x0, 0xdf, 0xfb, 0x0,
    0xff, 0xf0, 0xb, 0xff, 0x60, 0x1d, 0xff, 0x60,
    0x0, 0xdf, 0x60, 0x0, 0xdf, 0x60, 0x0, 0xdf,
    0x60,

    /* U+0143 "Ń" */
    0x0, 0x0, 0x3f, 0xd2, 0x0, 0x0, 0x3, 0xfa,
    0x0, 0x0, 0x0, 0x0, 0x0, 0x0, 0x0, 0xdf,
    0x60, 0x0, 0x1f, 0xf2, 0xdf, 0xf3, 0x0, 0x1f,
    0xf2, 0xdf, 0xfe, 0x10, 0x1f, 0xf2, 0xdf, 0xff,
    0xc0, 0x1f, 0xf2, 0xdf, 0x9f, 0xfa, 0x1f, 0xf2,
    0xdf, 0x65, 0xff, 0x8f, 0xf2, 0xdf, 0x60, 0x8f,
    0xff, 0xf2, 0xdf, 0x60, 0xb, 0xff, 0xf2, 0xdf,
    0x60, 0x1, 0xdf, 0xf2, 0xdf, 0x60, 0x0, 0x2f,
    0xf2,

    /* U+0144 "ń" */
    0x0, 0x1, 0xdf, 0x40, 0x0, 0x1d, 0xd2, 0x0,
    0x0, 0x0, 0x0, 0x0, 0xff, 0x6c, 0xfd, 0x60,
    0xff, 0xff, 0xff, 0xf3, 0xff, 0xa0, 0xc, 0xf9,
    0xff, 0x40, 0x8, 0xfb, 0xff, 0x30, 0x7, 0xfb,
    0xff, 0x30, 0x7, 0xfb, 0xff, 0x30, 0x7, 0xfb,
    0xff, 0x30, 0x7, 0xfb,

    /* U+0145 "Ņ" */
    0xdf, 0x60, 0x0, 0x1f, 0xf2, 0xdf, 0xf3, 0x0,
    0x1f, 0xf2, 0xdf, 0xfe, 0x10, 0x1f, 0xf2, 0xdf,
    0xff, 0xc0, 0x1f, 0xf2, 0xdf, 0x9f, 0xfa, 0x1f,
    0xf2, 0xdf, 0x65, 0xff, 0x8f, 0xf2, 0xdf, 0x60,
    0x8f, 0xff, 0xf2, 0xdf, 0x60, 0xb, 0xff, 0xf2,
    0xdf, 0x60, 0x1, 0xdf, 0xf2, 0xdf, 0x60, 0x0,
    0x2f, 0xf2, 0x0, 0x0, 0x0, 0x0, 0x0, 0x0,
    0x2, 0xe6, 0x0, 0x0, 0x0, 0x1, 0xe7, 0x0,
    0x0, 0x0, 0x0, 0xc1, 0x0, 0x0,

    /* U+0146 "ņ" */
    0xff, 0x6c, 0xfd, 0x60, 0xff, 0xff, 0xff, 0xf3,
    0xff, 0xa0, 0xc, 0xf9, 0xff, 0x40, 0x8, 0xfb,
    0xff, 0x30, 0x7, 0xfb, 0xff, 0x30, 0x7, 0xfb,
    0xff, 0x30, 0x7, 0xfb, 0xff, 0x30, 0x7, 0xfb,
    0x0, 0x0, 0x0, 0x0, 0x0, 0xd, 0xa0, 0x0,
    0x0, 0xc, 0xb0, 0x0, 0x0, 0xa, 0x30, 0x0,

    /* U+0147 "Ň" */
    0x0, 0xad, 0x3a, 0xe1, 0x0, 0x0, 0xb, 0xfe,
    0x20, 0x0, 0x0, 0x0, 0x0, 0x0, 0x0, 0xdf,
    0x60, 0x0, 0x1f, 0xf2, 0xdf, 0xf3, 0x0, 0x1f,
    0xf2, 0xdf, 0xfe, 0x10, 0x1f, 0xf2, 0xdf, 0xff,
    0xc0, 0x1f, 0xf2, 0xdf, 0x9f, 0xfa, 0x1f, 0xf2,
    0xdf, 0x65, 0xff, 0x8f, 0xf2, 0xdf, 0x60, 0x8f,
    0xff, 0xf2, 0xdf, 0x60, 0xb, 0xff, 0xf2, 0xdf,
    0x60, 0x1, 0xdf, 0xf2, 0xdf, 0x60, 0x0, 0x2f,
    0xf2,

    /* U+0148 "ň" */
    0x7, 0xf4, 0x7f, 0x40, 0x0, 0x9f, 0xf5, 0x0,
    0x0, 0x0, 0x0, 0x0, 0xff, 0x6c, 0xfd, 0x60,
    0xff, 0xff, 0xff, 0xf3, 0xff, 0xa0, 0xc, 0xf9,
    0xff, 0x40, 0x8, 0xfb, 0xff, 0x30, 0x7, 0xfb,
    0xff, 0x30, 0x7, 0xfb, 0xff, 0x30, 0x7, 0xfb,
    0xff, 0x30, 0x7, 0xfb,

    /* U+0149 "ŉ" */
    0xd, 0xe2, 0x0, 0x0, 0x0, 0x0, 0x2f, 0xf6,
    0x0, 0x0, 0x0, 0x0, 0xb, 0xf3, 0x0, 0x0,
    0x0, 0x0, 0xb, 0xd9, 0xf9, 0xae, 0xfa, 0x10,
    0xf, 0x79, 0xff, 0xff, 0xff, 0xa0, 0x0, 0x9,
    0xff, 0x40, 0x8f, 0xf0, 0x0, 0x9, 0xfb, 0x0,
    0x1f, 0xf2, 0x0, 0x9, 0xfa, 0x0, 0xf, 0xf2,
    0x0, 0x9, 0xfa, 0x0, 0xf, 0xf2, 0x0, 0x9,
    0xfa, 0x0, 0xf, 0xf2, 0x0, 0x9, 0xfa, 0x0,
    0xf, 0xf2,

    /* U+014A "Ŋ" */
    0xdf, 0x60, 0x0, 0x1f, 0xf2, 0xdf, 0xf3, 0x0,
    0x1f, 0xf2, 0xdf, 0xfe, 0x10, 0x1f, 0xf2, 0xdf,
    0xff, 0xc0, 0x1f, 0xf2, 0xdf, 0x9f, 0xfa, 0x1f,
    0xf2, 0xdf, 0x65, 0xff, 0x8f, 0xf2, 0xdf, 0x60,
    0x8f, 0xff, 0xf2, 0xdf, 0x60, 0xb, 0xff, 0xf2,
    0xdf, 0x60, 0x1, 0xdf, 0xf2, 0xdf, 0x60, 0x0,
    0x3f, 0xf1, 0x0, 0x1, 0x50, 0x6f, 0xf0, 0x0,
    0x9, 0xff, 0xff, 0x90, 0x0, 0x4, 0xcf, 0xe8,
    0x0,

    /* U+014B "ŋ" */
    0xff, 0x6c, 0xfd, 0x60, 0xff, 0xff, 0xff, 0xf3,
    0xff, 0xa0, 0xc, 0xf9, 0xff, 0x40, 0x8, 0xfb,
    0xff, 0x30, 0x7, 0xfb, 0xff, 0x30, 0x7, 0xfb,
    0xff, 0x30, 0x7, 0xfb, 0xff, 0x30, 0x7, 0xfb,
    0x0, 0x0, 0x9, 0xfa, 0x0, 0x8, 0xdf, 0xf5,
    0x0, 0x9, 0xfe, 0x80,

    /* U+014C "Ō" */
    0x0, 0x0, 0x0, 0x0, 0x0, 0x0, 0x0, 0xb,
    0xff, 0xff, 0x80, 0x0, 0x0, 0x2, 0x33, 0x33,
    0x10, 0x0, 0x0, 0x0, 0x0, 0x0, 0x0, 0x0,
    0x0, 0x7, 0xdf, 0xfc, 0x60, 0x0, 0x1, 0xdf,
    0xff, 0xff, 0xfb, 0x0, 0xc, 0xfe, 0x51, 0x17,
    0xff, 0x90, 0x3f, 0xf4, 0x0, 0x0, 0x7f, 0xf0,
    0x6f, 0xe0, 0x0, 0x0, 0x1f, 0xf3, 0x6f, 0xe0,
    0x0, 0x0, 0x1f, 0xf3, 0x3f, 0xf4, 0x0, 0x0,
    0x7f, 0xf0, 0xc, 0xfe, 0x51, 0x17, 0xff, 0x90,
    0x1, 0xdf, 0xff, 0xff, 0xfb, 0x0, 0x0, 0x8,
    0xdf, 0xfc, 0x60, 0x0,

    /* U+014D "ō" */
    0x0, 0xff, 0xff, 0xf2, 0x0, 0x4, 0x44, 0x44,
    0x0, 0x0, 0x0, 0x0, 0x0, 0x0, 0x7, 0xdf,
    0xe8, 0x0, 0xa, 0xff, 0xef, 0xfc, 0x4, 0xff,
    0x40, 0x2e, 0xf6, 0x7f, 0xb0, 0x0, 0x9f, 0xa7,
    0xfb, 0x0, 0x9, 0xfa, 0x4f, 0xf4, 0x2, 0xef,
    0x60, 0xaf, 0xff, 0xff, 0xc0, 0x0, 0x7d, 0xfe,
    0x80, 0x0,

    /* U+014E "Ŏ" */
    0x0, 0x5, 0x50, 0x7, 0x30, 0x0, 0x0, 0x7,
    0xf2, 0x4f, 0x40, 0x0, 0x0, 0x0, 0xbf, 0xf9,
    0x0, 0x0, 0x0, 0x0, 0x1, 0x10, 0x0, 0x0,
    0x0, 0x7, 0xdf, 0xfc, 0x60, 0x0, 0x1, 0xdf,
    0xff, 0xff, 0xfb, 0x0, 0xc, 0xfe, 0x51, 0x17,
    0xff, 0x90, 0x3f, 0xf4, 0x0, 0x0, 0x7f, 0xf0,
    0x6f, 0xe0, 0x0, 0x0, 0x1f, 0xf3, 0x6f, 0xe0,
    0x0, 0x0, 0x1f, 0xf3, 0x3f, 0xf4, 0x0, 0x0,
    0x7f, 0xf0, 0xc, 0xfe, 0x51, 0x17, 0xff, 0x90,
    0x1, 0xdf, 0xff, 0xff, 0xfb, 0x0, 0x0, 0x8,
    0xdf, 0xfc, 0x60, 0x0,

    /* U+014F "ŏ" */
    0x0, 0xe9, 0x7, 0xf0, 0x0, 0x5, 0xff, 0xf6,
    0x0, 0x0, 0x0, 0x20, 0x0, 0x0, 0x7, 0xdf,
    0xe8, 0x0, 0xa, 0xff, 0xef, 0xfc, 0x4, 0xff,
    0x40, 0x2e, 0xf6, 0x7f, 0xb0, 0x0, 0x9f, 0xa7,
    0xfb, 0x0, 0x9, 0xfa, 0x4f, 0xf4, 0x2, 0xef,
    0x60, 0xaf, 0xff, 0xff, 0xc0, 0x0, 0x7d, 0xfe,
    0x80, 0x0,

    /* U+0150 "Ő" */
    0x0, 0x0, 0x1, 0x10, 0x10, 0x0, 0x0, 0x0,
    0x9f, 0x5c, 0xf2, 0x0, 0x0, 0x1, 0xfa, 0x3f,
    0x70, 0x0, 0x0, 0x0, 0x0, 0x0, 0x0, 0x0,
    0x0, 0x7, 0xdf, 0xfc, 0x60, 0x0, 0x1, 0xdf,
    0xff, 0xff, 0xfb, 0x0, 0xc, 0xfe, 0x51, 0x17,
    0xff, 0x90, 0x3f, 0xf4, 0x0, 0x0, 0x7f, 0xf0,
    0x6f, 0xe0, 0x0, 0x0, 0x1f, 0xf3, 0x6f, 0xe0,
    0x0, 0x0, 0x1f, 0xf3, 0x3f, 0xf4, 0x0, 0x0,
    0x7f, 0xf0, 0xc, 0xfe, 0x51, 0x17, 0xff, 0x90,
    0x1, 0xdf, 0xff, 0xff, 0xfb, 0x0, 0x0, 0x8,
    0xdf, 0xfc, 0x60, 0x0,

    /* U+0151 "ő" */
    0x0, 0xd, 0xf3, 0xfd, 0x0, 0x5, 0xf6, 0x8f,
    0x30, 0x0, 0x11, 0x1, 0x10, 0x0, 0x7, 0xdf,
    0xe8, 0x0, 0xa, 0xff, 0xef, 0xfc, 0x4, 0xff,
    0x40, 0x2e, 0xf6, 0x7f, 0xb0, 0x0, 0x9f, 0xa7,
    0xfb, 0x0, 0x9, 0xfa, 0x4f, 0xf4, 0x2, 0xef,
    0x60, 0xaf, 0xff, 0xff, 0xc0, 0x0, 0x7d, 0xfe,
    0x80, 0x0,

    /* U+0152 "Œ" */
    0x0, 0x7, 0xdf, 0xff, 0xff, 0xff, 0xff, 0xf1,
    0x2, 0xef, 0xff, 0xee, 0xff, 0xee, 0xee, 0xe1,
    0xc, 0xfe, 0x40, 0x5, 0xfe, 0x0, 0x0, 0x0,
    0x3f, 0xf3, 0x0, 0x5, 0xfe, 0x0, 0x0, 0x0,
    0x6f, 0xe0, 0x0, 0x5, 0xff, 0xff, 0xff, 0x70,
    0x6f, 0xe0, 0x0, 0x5, 0xff, 0xdd, 0xdd, 0x60,
    0x3f, 0xf3, 0x0, 0x5, 0xfe, 0x0, 0x0, 0x0,
    0xc, 0xfd, 0x40, 0x5, 0xfe, 0x0, 0x0, 0x0,
    0x2, 0xef, 0xff, 0xee, 0xff, 0xee, 0xee, 0xe3,
    0x0, 0x8, 0xdf, 0xff, 0xff, 0xff, 0xff, 0xf4,

    /* U+0153 "œ" */
    0x0, 0x7d, 0xfe, 0x80, 0x6d, 0xfd, 0x80, 0x0,
    0xaf, 0xfe, 0xff, 0xef, 0xfe, 0xff, 0xb0, 0x4f,
    0xf4, 0x2, 0xef, 0xe2, 0x12, 0xef, 0x37, 0xfb,
    0x0, 0x9, 0xff, 0xff, 0xff, 0xf6, 0x7f, 0xb0,
    0x0, 0x9f, 0xd4, 0x44, 0x44, 0x14, 0xff, 0x30,
    0x2e, 0xff, 0x50, 0x8, 0x10, 0xa, 0xff, 0xef,
    0xfd, 0xff, 0xef, 0xfa, 0x0, 0x7, 0xdf, 0xe8,
    0x5, 0xcf, 0xea, 0x20,

    /* U+0154 "Ŕ" */
    0x0, 0x0, 0xbf, 0x70, 0x0, 0x0, 0xae, 0x40,
    0x0, 0x0, 0x0, 0x0, 0x0, 0xd, 0xff, 0xff,
    0xd9, 0x10, 0xdf, 0xff, 0xff, 0xfe, 0x1d, 0xf7,
    0x0, 0x3e, 0xf7, 0xdf, 0x70, 0x0, 0xbf, 0xad,
    0xf7, 0x0, 0x2e, 0xf7, 0xdf, 0xfe, 0xef, 0xfe,
    0x1d, 0xff, 0xff, 0xfe, 0x10, 0xdf, 0x70, 0x3f,
    0xf4, 0xd, 0xf7, 0x0, 0x8f, 0xd0, 0xdf, 0x70,
    0x0, 0xdf, 0x80,

    /* U+0155 "ŕ" */
    0x0, 0x7f, 0xa0, 0x6, 0xf7, 0x0, 0x0, 0x0,
    0x0, 0xff, 0x6d, 0xa0, 0xff, 0xff, 0xa0, 0xff,
    0xc1, 0x0, 0xff, 0x40, 0x0, 0xff, 0x30, 0x0,
    0xff, 0x30, 0x0, 0xff, 0x30, 0x0, 0xff, 0x30,
    0x0,

    /* U+0156 "Ŗ" */
    0xdf, 0xff, 0xfd, 0x91, 0xd, 0xff, 0xff, 0xff,
    0xe1, 0xdf, 0x70, 0x3, 0xef, 0x7d, 0xf7, 0x0,
    0xb, 0xfa, 0xdf, 0x70, 0x2, 0xef, 0x7d, 0xff,
    0xee, 0xff, 0xe1, 0xdf, 0xff, 0xff, 0xe1, 0xd,
    0xf7, 0x3, 0xff, 0x40, 0xdf, 0x70, 0x8, 0xfd,
    0xd, 0xf7, 0x0, 0xd, 0xf8, 0x0, 0x0, 0x0,
    0x0, 0x0, 0x0, 0x9d, 0x0, 0x0, 0x0, 0x9,
    0xe0, 0x0, 0x0, 0x0, 0x77, 0x0, 0x0,

    /* U+0157 "ŗ" */
    0xff, 0x6d, 0xaf, 0xff, 0xfa, 0xff, 0xc1, 0xf,
    0xf4, 0x0, 0xff, 0x30, 0xf, 0xf3, 0x0, 0xff,
    0x30, 0xf, 0xf3, 0x0, 0x0, 0x0, 0x9, 0xd0,
    0x0, 0x8f, 0x0, 0x6, 0x70, 0x0,

    /* U+0158 "Ř" */
    0x1, 0x30, 0x2, 0x20, 0x0, 0x2f, 0x96, 0xf5,
    0x0, 0x0, 0x5f, 0xf9, 0x0, 0x0, 0x0, 0x11,
    0x0, 0x0, 0xdf, 0xff, 0xfd, 0x91, 0xd, 0xff,
    0xff, 0xff, 0xe1, 0xdf, 0x70, 0x3, 0xef, 0x7d,
    0xf7, 0x0, 0xb, 0xfa, 0xdf, 0x70, 0x2, 0xef,
    0x7d, 0xff, 0xee, 0xff, 0xe1, 0xdf, 0xff, 0xff,
    0xe1, 0xd, 0xf7, 0x3, 0xff, 0x40, 0xdf, 0x70,
    0x8, 0xfd, 0xd, 0xf7, 0x0, 0xd, 0xf8,

    /* U+0159 "ř" */
    0x1e, 0xa2, 0xdb, 0x0, 0x2f, 0xfc, 0x0, 0x0,
    0x0, 0x0, 0x0, 0xff, 0x6d, 0xa0, 0xf, 0xff,
    0xfa, 0x0, 0xff, 0xc1, 0x0, 0xf, 0xf4, 0x0,
    0x0, 0xff, 0x30, 0x0, 0xf, 0xf3, 0x0, 0x0,
    0xff, 0x30, 0x0, 0xf, 0xf3, 0x0, 0x0,

    /* U+015A "Ś" */
    0x0, 0x0, 0x7, 0x71, 0x0, 0x0, 0xb, 0xf4,
    0x0, 0x0, 0x3, 0x72, 0x0, 0x0, 0x0, 0x0,
    0x0, 0x0, 0x1, 0x9e, 0xfe, 0xb5, 0x0, 0xdf,
    0xfe, 0xff, 0xd0, 0x5f, 0xf2, 0x0, 0x45, 0x5,
    0xff, 0x40, 0x0, 0x0, 0xc, 0xff, 0xea, 0x50,
    0x0, 0x5, 0xbe, 0xff, 0xd1, 0x0, 0x0, 0x4,
    0xef, 0x71, 0xa4, 0x0, 0x1d, 0xf7, 0x6f, 0xff,
    0xef, 0xfe, 0x10, 0x6c, 0xef, 0xea, 0x20,

    /* U+015B "ś" */
    0x0, 0x3, 0xfd, 0x20, 0x0, 0x2e, 0xb1, 0x0,
    0x0, 0x11, 0x0, 0x0, 0x5, 0xcf, 0xec, 0x50,
    0x3f, 0xfc, 0xcf, 0x70, 0x7f, 0xa0, 0x1, 0x0,
    0x4f, 0xfe, 0xb7, 0x0, 0x4, 0xad, 0xff, 0xc0,
    0x4, 0x0, 0x2f, 0xf0, 0x6f, 0xec, 0xdf, 0xc0,
    0x3b, 0xdf, 0xe9, 0x10,

    /* U+015C "Ŝ" */
    0x0, 0x5, 0x85, 0x0, 0x0, 0x5, 0xfa, 0xf6,
    0x0, 0x0, 0x74, 0x4, 0x71, 0x0, 0x0, 0x0,
    0x0, 0x0, 0x1, 0x9e, 0xfe, 0xb5, 0x0, 0xdf,
    0xfe, 0xff, 0xd0, 0x5f, 0xf2, 0x0, 0x45, 0x5,
    0xff, 0x40, 0x0, 0x0, 0xc, 0xff, 0xea, 0x50,
    0x0, 0x5, 0xbe, 0xff, 0xd1, 0x0, 0x0, 0x4,
    0xef, 0x71, 0xa4, 0x0, 0x1d, 0xf7, 0x6f, 0xff,
    0xef, 0xfe, 0x10, 0x6c, 0xef, 0xea, 0x20,

    /* U+015D "ŝ" */
    0x0, 0xbf, 0xe2, 0x0, 0x9, 0xe4, 0xbd, 0x10,
    0x1, 0x0, 0x1, 0x0, 0x5, 0xcf, 0xec, 0x50,
    0x3f, 0xfc, 0xcf, 0x70, 0x7f, 0xa0, 0x1, 0x0,
    0x4f, 0xfe, 0xb7, 0x0, 0x4, 0xad, 0xff, 0xc0,
    0x4, 0x0, 0x2f, 0xf0, 0x6f, 0xec, 0xdf, 0xc0,
    0x3b, 0xdf, 0xe9, 0x10,

    /* U+015E "Ş" */
    0x1, 0x9e, 0xfe, 0xb5, 0x0, 0xdf, 0xfe, 0xff,
    0xd0, 0x5f, 0xf2, 0x0, 0x45, 0x5, 0xff, 0x40,
    0x0, 0x0, 0xc, 0xff, 0xea, 0x50, 0x0, 0x5,
    0xbe, 0xff, 0xd1, 0x0, 0x0, 0x4, 0xef, 0x71,
    0xa4, 0x0, 0x1d, 0xf7, 0x6f, 0xff, 0xef, 0xfe,
    0x10, 0x6c, 0xff, 0xea, 0x20, 0x0, 0x3, 0xf4,
    0x0, 0x0, 0x0, 0x18, 0xf1, 0x0, 0x0, 0x1f,
    0xfb, 0x0, 0x0, 0x0, 0x1, 0x0, 0x0,

    /* U+015F "ş" */
    0x5, 0xcf, 0xec, 0x50, 0x3f, 0xfc, 0xcf, 0x70,
    0x7f, 0xa0, 0x1, 0x0, 0x4f, 0xfe, 0xb7, 0x0,
    0x4, 0xad, 0xff, 0xc0, 0x4, 0x0, 0x2f, 0xf0,
    0x6f, 0xec, 0xdf, 0xc0, 0x3b, 0xdf, 0xf9, 0x10,
    0x0, 0x1f, 0x50, 0x0, 0x0, 0x17, 0xf2, 0x0,
    0x0, 0xef, 0xc0, 0x0, 0x0, 0x1, 0x0, 0x0,

    /* U+0160 "Š" */
    0x0, 0x74, 0x4, 0x71, 0x0, 0x5, 0xfa, 0xf6,
    0x0, 0x0, 0x5, 0x85, 0x0, 0x0, 0x0, 0x0,
    0x0, 0x0, 0x1, 0x9e, 0xfe, 0xb5, 0x0, 0xdf,
    0xfe, 0xff, 0xd0, 0x5f, 0xf2, 0x0, 0x45, 0x5,
    0xff, 0x40, 0x0, 0x0, 0xc, 0xff, 0xea, 0x50,
    0x0, 0x5, 0xbe, 0xff, 0xd1, 0x0, 0x0, 0x4,
    0xef, 0x71, 0xa4, 0x0, 0x1d, 0xf7, 0x6f, 0xff,
    0xef, 0xfe, 0x10, 0x6c, 0xef, 0xea, 0x20,

    /* U+0161 "š" */
    0xb, 0xd2, 0xae, 0x20, 0x0, 0xcf, 0xf3, 0x0,
    0x0, 0x1, 0x10, 0x0, 0x5, 0xcf, 0xec, 0x50,
    0x3f, 0xfc, 0xcf, 0x70, 0x7f, 0xa0, 0x1, 0x0,
    0x4f, 0xfe, 0xb7, 0x0, 0x4, 0xad, 0xff, 0xc0,
    0x4, 0x0, 0x2f, 0xf0, 0x6f, 0xec, 0xdf, 0xc0,
    0x3b, 0xdf, 0xe9, 0x10,

    /* U+0162 "Ţ" */
    0xff, 0xff, 0xff, 0xff, 0x9e, 0xff, 0xff, 0xff,
    0xf8, 0x0, 0xd, 0xf7, 0x0, 0x0, 0x0, 0xdf,
    0x70, 0x0, 0x0, 0xd, 0xf7, 0x0, 0x0, 0x0,
    0xdf, 0x70, 0x0, 0x0, 0xd, 0xf7, 0x0, 0x0,
    0x0, 0xdf, 0x70, 0x0, 0x0, 0xd, 0xf7, 0x0,
    0x0, 0x0, 0xdf, 0x70, 0x0, 0x0, 0x6, 0xd1,
    0x0, 0x0, 0x0, 0x2b, 0xd0, 0x0, 0x0, 0x4f,
    0xf8, 0x0, 0x0, 0x0, 0x10, 0x0, 0x0,

    /* U+0163 "ţ" */
    0xb, 0xf7, 0x0, 0xb, 0xf7, 0x0, 0xef, 0xff,
    0xf5, 0xae, 0xfd, 0xc4, 0xb, 0xf7, 0x0, 0xb,
    0xf7, 0x0, 0xb, 0xf7, 0x0, 0xa, 0xf9, 0x0,
    0x7, 0xff, 0xd8, 0x0, 0x9f, 0xf8, 0x0, 0x1f,
    0x50, 0x0, 0x16, 0xf3, 0x0, 0xef, 0xd1, 0x0,
    0x1, 0x0,

    /* U+0164 "Ť" */
    0x2, 0xea, 0x3d, 0xa0, 0x0, 0x2, 0xef, 0xb0,
    0x0, 0x0, 0x0, 0x0, 0x0, 0xf, 0xff, 0xff,
    0xff, 0xf9, 0xef, 0xff, 0xff, 0xff, 0x80, 0x0,
    0xdf, 0x70, 0x0, 0x0, 0xd, 0xf7, 0x0, 0x0,
    0x0, 0xdf, 0x70, 0x0, 0x0, 0xd, 0xf7, 0x0,
    0x0, 0x0, 0xdf, 0x70, 0x0, 0x0, 0xd, 0xf7,
    0x0, 0x0, 0x0, 0xdf, 0x70, 0x0, 0x0, 0xd,
    0xf7, 0x0, 0x0,

    /* U+0165 "ť" */
    0x0, 0x0, 0x6a, 0x0, 0x0, 0x9d, 0xb, 0xf7,
    0x9c, 0xb, 0xf7, 0x0, 0xef, 0xff, 0xf5, 0xae,
    0xfd, 0xc4, 0xb, 0xf7, 0x0, 0xb, 0xf7, 0x0,
    0xb, 0xf7, 0x0, 0xa, 0xf9, 0x0, 0x7, 0xff,
    0xd8, 0x0, 0x9e, 0xf8,

    /* U+0166 "Ŧ" */
    0xff, 0xff, 0xff, 0xff, 0x9e, 0xff, 0xff, 0xff,
    0xf8, 0x0, 0xd, 0xf7, 0x0, 0x0, 0x0, 0xdf,
    0x70, 0x0, 0xa, 0xff, 0xff, 0xf5, 0x0, 0x69,
    0xef, 0xc9, 0x20, 0x0, 0xd, 0xf7, 0x0, 0x0,
    0x0, 0xdf, 0x70, 0x0, 0x0, 0xd, 0xf7, 0x0,
    0x0, 0x0, 0xdf, 0x70, 0x0,

    /* U+0167 "ŧ" */
    0xa, 0xf8, 0x0, 0xa, 0xf8, 0x0, 0xdf, 0xff,
    0xf6, 0x9e, 0xfe, 0xc4, 0xa, 0xf8, 0x0, 0xcf,
    0xff, 0xd0, 0x3b, 0xfa, 0x30, 0x9, 0xfa, 0x0,
    0x4, 0xff, 0xe9, 0x0, 0x7e, 0xf9,

    /* U+0168 "Ũ" */
    0x0, 0x0, 0x0, 0x10, 0x0, 0xa, 0xfa, 0x2f,
    0x30, 0x2, 0xf6, 0xcf, 0xd0, 0x0, 0x13, 0x0,
    0x30, 0x0, 0xef, 0x50, 0x0, 0x4f, 0xfe, 0xf5,
    0x0, 0x4, 0xff, 0xef, 0x50, 0x0, 0x4f, 0xfe,
    0xf5, 0x0, 0x4, 0xff, 0xef, 0x50, 0x0, 0x4f,
    0xfe, 0xf5, 0x0, 0x4, 0xff, 0xdf, 0x80, 0x0,
    0x7f, 0xd9, 0xfe, 0x40, 0x4e, 0xf9, 0x1e, 0xff,
    0xff, 0xfe, 0x10, 0x19, 0xef, 0xea, 0x20,

    /* U+0169 "ũ" */
    0x0, 0x4e, 0xb1, 0xc6, 0x0, 0xc, 0x9a, 0xff,
    0x10, 0x0, 0x41, 0x3, 0x10, 0x0, 0xff, 0x20,
    0x9, 0xf9, 0xf, 0xf2, 0x0, 0x9f, 0x90, 0xff,
    0x20, 0x9, 0xf9, 0xf, 0xf2, 0x0, 0x9f, 0x90,
    0xff, 0x30, 0xa, 0xf9, 0xe, 0xf9, 0x3, 0xff,
    0x90, 0x8f, 0xff, 0xff, 0xf9, 0x0, 0x9e, 0xfa,
    0x8f, 0x90,

    /* U+016A "Ū" */
    0x0, 0x0, 0x0, 0x0, 0x0, 0x1f, 0xff, 0xff,
    0x20, 0x0, 0x33, 0x33, 0x30, 0x0, 0x0, 0x0,
    0x0, 0x0, 0xef, 0x50, 0x0, 0x4f, 0xfe, 0xf5,
    0x0, 0x4, 0xff, 0xef, 0x50, 0x0, 0x4f, 0xfe,
    0xf5, 0x0, 0x4, 0xff, 0xef, 0x50, 0x0, 0x4f,
    0xfe, 0xf5, 0x0, 0x4, 0xff, 0xdf, 0x80, 0x0,
    0x7f, 0xd9, 0xfe, 0x40, 0x4e, 0xf9, 0x1e, 0xff,
    0xff, 0xfe, 0x10, 0x19, 0xef, 0xea, 0x20,

    /* U+016B "ū" */
    0x0, 0xdf, 0xff, 0xf5, 0x0, 0x3, 0x44, 0x44,
    0x10, 0x0, 0x0, 0x0, 0x0, 0x0, 0xff, 0x20,
    0x9, 0xf9, 0xf, 0xf2, 0x0, 0x9f, 0x90, 0xff,
    0x20, 0x9, 0xf9, 0xf, 0xf2, 0x0, 0x9f, 0x90,
    0xff, 0x30, 0xa, 0xf9, 0xe, 0xf9, 0x3, 0xff,
    0x90, 0x8f, 0xff, 0xff, 0xf9, 0x0, 0x9e, 0xfa,
    0x8f, 0x90,

    /* U+016C "Ŭ" */
    0x0, 0x72, 0x2, 0x80, 0x0, 0xd, 0xb0, 0xae,
    0x0, 0x0, 0x3e, 0xfe, 0x40, 0x0, 0x0, 0x2,
    0x0, 0x0, 0xef, 0x50, 0x0, 0x4f, 0xfe, 0xf5,
    0x0, 0x4, 0xff, 0xef, 0x50, 0x0, 0x4f, 0xfe,
    0xf5, 0x0, 0x4, 0xff, 0xef, 0x50, 0x0, 0x4f,
    0xfe, 0xf5, 0x0, 0x4, 0xff, 0xdf, 0x80, 0x0,
    0x7f, 0xd9, 0xfe, 0x40, 0x4e, 0xf9, 0x1e, 0xff,
    0xff, 0xfe, 0x10, 0x19, 0xef, 0xea, 0x20,

    /* U+016D "ŭ" */
    0x0, 0xac, 0x14, 0xf3, 0x0, 0x2, 0xdf, 0xf9,
    0x0, 0x0, 0x0, 0x21, 0x0, 0x0, 0xff, 0x20,
    0x9, 0xf9, 0xf, 0xf2, 0x0, 0x9f, 0x90, 0xff,
    0x20, 0x9, 0xf9, 0xf, 0xf2, 0x0, 0x9f, 0x90,
    0xff, 0x30, 0xa, 0xf9, 0xe, 0xf9, 0x3, 0xff,
    0x90, 0x8f, 0xff, 0xff, 0xf9, 0x0, 0x9e, 0xfa,
    0x8f, 0x90,

    /* U+016E "Ů" */
    0x0, 0x6, 0xe7, 0x0, 0x0, 0x1, 0xd0, 0xd1,
    0x0, 0x0, 0x2c, 0xb, 0x30, 0x0, 0x0, 0xc9,
    0xd0, 0x0, 0x0, 0x1, 0x51, 0x0, 0xe, 0xf5,
    0x0, 0x4, 0xff, 0xef, 0x50, 0x0, 0x4f, 0xfe,
    0xf5, 0x0, 0x4, 0xff, 0xef, 0x50, 0x0, 0x4f,
    0xfe, 0xf5, 0x0, 0x4, 0xff, 0xef, 0x50, 0x0,
    0x4f, 0xfd, 0xf8, 0x0, 0x7, 0xfd, 0x9f, 0xe4,
    0x4, 0xef, 0x91, 0xef, 0xff, 0xff, 0xe1, 0x1,
    0x9e, 0xfe, 0xa2, 0x0,

    /* U+016F "ů" */
    0x0, 0x6, 0xdb, 0x10, 0x0, 0x0, 0xe1, 0x97,
    0x0, 0x0, 0x6, 0xdc, 0x10, 0x0, 0x0, 0x0,
    0x0, 0x0, 0xf, 0xf2, 0x0, 0x9f, 0x90, 0xff,
    0x20, 0x9, 0xf9, 0xf, 0xf2, 0x0, 0x9f, 0x90,
    0xff, 0x20, 0x9, 0xf9, 0xf, 0xf3, 0x0, 0xaf,
    0x90, 0xef, 0x90, 0x3f, 0xf9, 0x8, 0xff, 0xff,
    0xff, 0x90, 0x9, 0xef, 0xa8, 0xf9,

    /* U+0170 "Ű" */
    0x0, 0x1, 0x10, 0x11, 0x0, 0x0, 0xee, 0x3f,
    0xc0, 0x0, 0x7f, 0x49, 0xf2, 0x0, 0x0, 0x0,
    0x0, 0x0, 0xef, 0x50, 0x0, 0x4f, 0xfe, 0xf5,
    0x0, 0x4, 0xff, 0xef, 0x50, 0x0, 0x4f, 0xfe,
    0xf5, 0x0, 0x4, 0xff, 0xef, 0x50, 0x0, 0x4f,
    0xfe, 0xf5, 0x0, 0x4, 0xff, 0xdf, 0x80, 0x0,
    0x7f, 0xd9, 0xfe, 0x40, 0x4e, 0xf9, 0x1e, 0xff,
    0xff, 0xfe, 0x10, 0x19, 0xef, 0xea, 0x20,

    /* U+0171 "ű" */
    0x0, 0xa, 0xf4, 0xdf, 0x20, 0x2, 0xf9, 0x5f,
    0x60, 0x0, 0x2, 0x1, 0x10, 0x0, 0xff, 0x20,
    0x9, 0xf9, 0xf, 0xf2, 0x0, 0x9f, 0x90, 0xff,
    0x20, 0x9, 0xf9, 0xf, 0xf2, 0x0, 0x9f, 0x90,
    0xff, 0x30, 0xa, 0xf9, 0xe, 0xf9, 0x3, 0xff,
    0x90, 0x8f, 0xff, 0xff, 0xf9, 0x0, 0x9e, 0xfa,
    0x8f, 0x90,

    /* U+0172 "Ų" */
    0xef, 0x50, 0x0, 0x4f, 0xfe, 0xf5, 0x0, 0x4,
    0xff, 0xef, 0x50, 0x0, 0x4f, 0xfe, 0xf5, 0x0,
    0x4, 0xff, 0xef, 0x50, 0x0, 0x4f, 0xfe, 0xf5,
    0x0, 0x4, 0xff, 0xcf, 0x70, 0x0, 0x7f, 0xd8,
    0xfe, 0x30, 0x2e, 0xf9, 0x1e, 0xff, 0xff, 0xfe,
    0x10, 0x19, 0xef, 0xfa, 0x10, 0x0, 0x9, 0xd2,
    0x0, 0x0, 0x0, 0xf8, 0x0, 0x0, 0x0, 0x9,
    0xff, 0x30, 0x0, 0x0, 0x1, 0x10, 0x0,

    /* U+0173 "ų" */
    0xf, 0xf2, 0x0, 0x9f, 0x90, 0xff, 0x20, 0x9,
    0xf9, 0xf, 0xf2, 0x0, 0x9f, 0x90, 0xff, 0x20,
    0x9, 0xf9, 0xf, 0xf3, 0x0, 0xaf, 0x90, 0xef,
    0x90, 0x3f, 0xf9, 0x8, 0xff, 0xff, 0xff, 0x90,
    0x9, 0xef, 0xaa, 0xfc, 0x0, 0x0, 0x1, 0xe8,
    0x0, 0x0, 0x0, 0x5f, 0x10, 0x0, 0x0, 0x1,
    0xef, 0xc0, 0x0, 0x0, 0x0, 0x20,

    /* U+0174 "Ŵ" */
    0x0, 0x0, 0x0, 0x4f, 0xf9, 0x0, 0x0, 0x0,
    0x0, 0x0, 0x3, 0xf8, 0x4f, 0x80, 0x0, 0x0,
    0x0, 0x0, 0x0, 0x0, 0x0, 0x0, 0x0, 0x0,
    0x8f, 0xc0, 0x0, 0xf, 0xf6, 0x0, 0x5, 0xfc,
    0x3f, 0xf2, 0x0, 0x4f, 0xfc, 0x0, 0xb, 0xf7,
    0xe, 0xf7, 0x0, 0xaf, 0xff, 0x10, 0xf, 0xf2,
    0x9, 0xfc, 0x0, 0xff, 0xdf, 0x60, 0x5f, 0xd0,
    0x3, 0xff, 0x14, 0xfc, 0x6f, 0xb0, 0xaf, 0x80,
    0x0, 0xef, 0x69, 0xf6, 0x1f, 0xf1, 0xff, 0x30,
    0x0, 0x9f, 0xbe, 0xf1, 0xc, 0xfa, 0xfe, 0x0,
    0x0, 0x4f, 0xff, 0xc0, 0x7, 0xff, 0xf9, 0x0,
    0x0, 0xe, 0xff, 0x70, 0x2, 0xff, 0xf3, 0x0,
    0x0, 0xa, 0xff, 0x10, 0x0, 0xdf, 0xe0, 0x0,

    /* U+0175 "ŵ" */
    0x0, 0x0, 0xd, 0xfd, 0x10, 0x0, 0x0, 0x0,
    0x0, 0xcd, 0x3c, 0xc0, 0x0, 0x0, 0x0, 0x0,
    0x0, 0x0, 0x0, 0x0, 0x0, 0xdf, 0x30, 0x7,
    0xfb, 0x0, 0xf, 0xe0, 0x7f, 0x90, 0xd, 0xff,
    0x10, 0x5f, 0x90, 0x2f, 0xe0, 0x2f, 0xff, 0x50,
    0xaf, 0x40, 0xc, 0xf3, 0x8f, 0xaf, 0xb0, 0xfe,
    0x0, 0x7, 0xf8, 0xdf, 0x1e, 0xf6, 0xf9, 0x0,
    0x1, 0xff, 0xfb, 0x9, 0xff, 0xf3, 0x0, 0x0,
    0xcf, 0xf5, 0x3, 0xff, 0xe0, 0x0, 0x0, 0x7f,
    0xf0, 0x0, 0xef, 0x80, 0x0,

    /* U+0176 "Ŷ" */
    0x0, 0x0, 0x13, 0x20, 0x0, 0x0, 0x0, 0xc,
    0xff, 0x40, 0x0, 0x0, 0x9, 0xe3, 0xae, 0x20,
    0x0, 0x0, 0x10, 0x0, 0x10, 0x0, 0xe, 0xf8,
    0x0, 0x0, 0xdf, 0x50, 0x5f, 0xf2, 0x0, 0x7f,
    0xc0, 0x0, 0xbf, 0xa0, 0x1f, 0xf3, 0x0, 0x2,
    0xff, 0x4a, 0xf9, 0x0, 0x0, 0x8, 0xfe, 0xfe,
    0x10, 0x0, 0x0, 0xe, 0xff, 0x60, 0x0, 0x0,
    0x0, 0x7f, 0xe0, 0x0, 0x0, 0x0, 0x6, 0xfd,
    0x0, 0x0, 0x0, 0x0, 0x6f, 0xd0, 0x0, 0x0,
    0x0, 0x6, 0xfd, 0x0, 0x0,

    /* U+0177 "ŷ" */
    0x0, 0x6, 0xff, 0x70, 0x0, 0x0, 0x4f, 0x76,
    0xf5, 0x0, 0x0, 0x0, 0x0, 0x0, 0x0, 0xe,
    0xf5, 0x0, 0xc, 0xf4, 0x8, 0xfb, 0x0, 0x3f,
    0xd0, 0x1, 0xff, 0x10, 0x9f, 0x70, 0x0, 0xbf,
    0x70, 0xff, 0x10, 0x0, 0x4f, 0xd6, 0xfa, 0x0,
    0x0, 0xe, 0xfe, 0xf4, 0x0, 0x0, 0x7, 0xff,
    0xd0, 0x0, 0x0, 0x1, 0xff, 0x70, 0x0, 0x1,
    0x2, 0xff, 0x10, 0x0, 0xc, 0xef, 0xf8, 0x0,
    0x0, 0xa, 0xee, 0x90, 0x0, 0x0,

    /* U+0178 "Ÿ" */
    0x0, 0x0, 0x0, 0x0, 0x0, 0x0, 0x0, 0x7e,
    0x29, 0xe0, 0x0, 0x0, 0x7, 0xe2, 0x9d, 0x0,
    0x0, 0x0, 0x0, 0x0, 0x0, 0x0, 0xe, 0xf8,
    0x0, 0x0, 0xdf, 0x50, 0x5f, 0xf2, 0x0, 0x7f,
    0xc0, 0x0, 0xbf, 0xa0, 0x1f, 0xf3, 0x0, 0x2,
    0xff, 0x4a, 0xf9, 0x0, 0x0, 0x8, 0xfe, 0xfe,
    0x10, 0x0, 0x0, 0xe, 0xff, 0x60, 0x0, 0x0,
    0x0, 0x7f, 0xe0, 0x0, 0x0, 0x0, 0x6, 0xfd,
    0x0, 0x0, 0x0, 0x0, 0x6f, 0xd0, 0x0, 0x0,
    0x0, 0x6, 0xfd, 0x0, 0x0,

    /* U+0179 "Ź" */
    0x0, 0x0, 0x2e, 0xe3, 0x0, 0x0, 0x1, 0xdc,
    0x10, 0x0, 0x0, 0x0, 0x0, 0x0, 0x0, 0x5f,
    0xff, 0xff, 0xff, 0xe0, 0x5f, 0xff, 0xff, 0xff,
    0xc0, 0x0, 0x0, 0x8, 0xff, 0x20, 0x0, 0x0,
    0x6f, 0xf4, 0x0, 0x0, 0x3, 0xff, 0x70, 0x0,
    0x0, 0x1e, 0xfa, 0x0, 0x0, 0x0, 0xdf, 0xc0,
    0x0, 0x0, 0xa, 0xfe, 0x10, 0x0, 0x0, 0x6f,
    0xff, 0xff, 0xff, 0xf1, 0x7f, 0xff, 0xff, 0xff,
    0xf1,

    /* U+017A "ź" */
    0x0, 0x1, 0xee, 0x40, 0x0, 0x1d, 0xd2, 0x0,
    0x0, 0x0, 0x0, 0x0, 0x6f, 0xff, 0xff, 0xf1,
    0x4c, 0xcc, 0xff, 0xe0, 0x0, 0x4, 0xff, 0x30,
    0x0, 0x1e, 0xf6, 0x0, 0x0, 0xcf, 0x90, 0x0,
    0xa, 0xfc, 0x0, 0x0, 0x5f, 0xfd, 0xcc, 0xc2,
    0x8f, 0xff, 0xff, 0xf3,

    /* U+017B "Ż" */
    0x0, 0x0, 0x53, 0x0, 0x0, 0x0, 0x4, 0xfe,
    0x0, 0x0, 0x0, 0x2, 0xea, 0x0, 0x0, 0x0,
    0x0, 0x0, 0x0, 0x0, 0x5f, 0xff, 0xff, 0xff,
    0xe0, 0x5f, 0xff, 0xff, 0xff, 0xc0, 0x0, 0x0,
    0x8, 0xff, 0x20, 0x0, 0x0, 0x6f, 0xf4, 0x0,
    0x0, 0x3, 0xff, 0x70, 0x0, 0x0, 0x1e, 0xfa,
    0x0, 0x0, 0x0, 0xdf, 0xc0, 0x0, 0x0, 0xa,
    0xfe, 0x10, 0x0, 0x0, 0x6f, 0xff, 0xff, 0xff,
    0xf1, 0x7f, 0xff, 0xff, 0xff, 0xf1,

    /* U+017C "ż" */
    0x0, 0x6, 0x40, 0x0, 0x0, 0x4f, 0xf0, 0x0,
    0x0, 0x1e, 0xb0, 0x0, 0x0, 0x0, 0x0, 0x0,
    0x6f, 0xff, 0xff, 0xf1, 0x4c, 0xcc, 0xff, 0xe0,
    0x0, 0x4, 0xff, 0x30, 0x0, 0x1e, 0xf6, 0x0,
    0x0, 0xcf, 0x90, 0x0, 0xa, 0xfc, 0x0, 0x0,
    0x5f, 0xfd, 0xcc, 0xc2, 0x8f, 0xff, 0xff, 0xf3,

    /* U+017D "Ž" */
    0x0, 0x8e, 0x48, 0xf3, 0x0, 0x0, 0x9, 0xff,
    0x40, 0x0, 0x0, 0x0, 0x0, 0x0, 0x0, 0x5f,
    0xff, 0xff, 0xff, 0xe0, 0x5f, 0xff, 0xff, 0xff,
    0xc0, 0x0, 0x0, 0x8, 0xff, 0x20, 0x0, 0x0,
    0x6f, 0xf4, 0x0, 0x0, 0x3, 0xff, 0x70, 0x0,
    0x0, 0x1e, 0xfa, 0x0, 0x0, 0x0, 0xdf, 0xc0,
    0x0, 0x0, 0xa, 0xfe, 0x10, 0x0, 0x0, 0x6f,
    0xff, 0xff, 0xff, 0xf1, 0x7f, 0xff, 0xff, 0xff,
    0xf1,

    /* U+017E "ž" */
    0x8, 0xf4, 0x8f, 0x30, 0x0, 0x9f, 0xf5, 0x0,
    0x0, 0x0, 0x0, 0x0, 0x6f, 0xff, 0xff, 0xf1,
    0x4c, 0xcc, 0xff, 0xe0, 0x0, 0x4, 0xff, 0x30,
    0x0, 0x1e, 0xf6, 0x0, 0x0, 0xcf, 0x90, 0x0,
    0xa, 0xfc, 0x0, 0x0, 0x5f, 0xfd, 0xcc, 0xc2,
    0x8f, 0xff, 0xff, 0xf3,

    /* U+017F "ſ" */
    0x0, 0x7d, 0xfb, 0x4, 0xff, 0xd9, 0x8, 0xfb,
    0x0, 0xbf, 0xf9, 0x0, 0x8e, 0xf9, 0x0, 0x9,
    0xf9, 0x0, 0x9, 0xf9, 0x0, 0x9, 0xf9, 0x0,
    0x9, 0xf9, 0x0, 0x9, 0xf9, 0x0, 0x9, 0xf9,
    0x0
};


/*---------------------
 *  GLYPH DESCRIPTION
 *--------------------*/

static const lv_font_fmt_txt_glyph_dsc_t glyph_dsc[] = {
    {.bitmap_index = 0, .adv_w = 0, .box_w = 0, .box_h = 0, .ofs_x = 0, .ofs_y = 0} /* id = 0 reserved */,
    {.bitmap_index = 0, .adv_w = 63, .box_w = 0, .box_h = 0, .ofs_x = 0, .ofs_y = 0},
    {.bitmap_index = 0, .adv_w = 65, .box_w = 4, .box_h = 10, .ofs_x = 0, .ofs_y = 0},
    {.bitmap_index = 20, .adv_w = 98, .box_w = 6, .box_h = 5, .ofs_x = 0, .ofs_y = 5},
    {.bitmap_index = 35, .adv_w = 161, .box_w = 10, .box_h = 10, .ofs_x = 0, .ofs_y = 0},
    {.bitmap_index = 85, .adv_w = 143, .box_w = 9, .box_h = 14, .ofs_x = 0, .ofs_y = -2},
    {.bitmap_index = 148, .adv_w = 196, .box_w = 12, .box_h = 10, .ofs_x = 0, .ofs_y = 0},
    {.bitmap_index = 208, .adv_w = 163, .box_w = 10, .box_h = 10, .ofs_x = 0, .ofs_y = 0},
    {.bitmap_index = 258, .adv_w = 52, .box_w = 3, .box_h = 5, .ofs_x = 0, .ofs_y = 5},
    {.bitmap_index = 266, .adv_w = 80, .box_w = 4, .box_h = 14, .ofs_x = 1, .ofs_y = -3},
    {.bitmap_index = 294, .adv_w = 80, .box_w = 4, .box_h = 14, .ofs_x = 0, .ofs_y = -3},
    {.bitmap_index = 322, .adv_w = 97, .box_w = 6, .box_h = 6, .ofs_x = 0, .ofs_y = 5},
    {.bitmap_index = 340, .adv_w = 134, .box_w = 8, .box_h = 7, .ofs_x = 0, .ofs_y = 2},
    {.bitmap_index = 368, .adv_w = 59, .box_w = 4, .box_h = 5, .ofs_x = 0, .ofs_y = -2},
    {.bitmap_index = 378, .adv_w = 86, .box_w = 5, .box_h = 2, .ofs_x = 0, .ofs_y = 3},
    {.bitmap_index = 383, .adv_w = 59, .box_w = 4, .box_h = 3, .ofs_x = 0, .ofs_y = 0},
    {.bitmap_index = 389, .adv_w = 88, .box_w = 8, .box_h = 14, .ofs_x = -1, .ofs_y = -1},
    {.bitmap_index = 445, .adv_w = 152, .box_w = 9, .box_h = 10, .ofs_x = 0, .ofs_y = 0},
    {.bitmap_index = 490, .adv_w = 88, .box_w = 5, .box_h = 10, .ofs_x = 0, .ofs_y = 0},
    {.bitmap_index = 515, .adv_w = 132, .box_w = 8, .box_h = 10, .ofs_x = 0, .ofs_y = 0},
    {.bitmap_index = 555, .adv_w = 133, .box_w = 9, .box_h = 10, .ofs_x = -1, .ofs_y = 0},
    {.bitmap_index = 600, .adv_w = 154, .box_w = 10, .box_h = 10, .ofs_x = 0, .ofs_y = 0},
    {.bitmap_index = 650, .adv_w = 133, .box_w = 8, .box_h = 10, .ofs_x = 0, .ofs_y = 0},
    {.bitmap_index = 690, .adv_w = 143, .box_w = 9, .box_h = 10, .ofs_x = 0, .ofs_y = 0},
    {.bitmap_index = 735, .adv_w = 139, .box_w = 9, .box_h = 10, .ofs_x = 0, .ofs_y = 0},
    {.bitmap_index = 780, .adv_w = 148, .box_w = 9, .box_h = 10, .ofs_x = 0, .ofs_y = 0},
    {.bitmap_index = 825, .adv_w = 143, .box_w = 9, .box_h = 10, .ofs_x = 0, .ofs_y = 0},
    {.bitmap_index = 870, .adv_w = 59, .box_w = 4, .box_h = 8, .ofs_x = 0, .ofs_y = 0},
    {.bitmap_index = 886, .adv_w = 59, .box_w = 4, .box_h = 10, .ofs_x = 0, .ofs_y = -2},
    {.bitmap_index = 906, .adv_w = 134, .box_w = 8, .box_h = 8, .ofs_x = 0, .ofs_y = 1},
    {.bitmap_index = 938, .adv_w = 134, .box_w = 8, .box_h = 6, .ofs_x = 0, .ofs_y = 2},
    {.bitmap_index = 962, .adv_w = 134, .box_w = 8, .box_h = 8, .ofs_x = 0, .ofs_y = 1},
    {.bitmap_index = 994, .adv_w = 132, .box_w = 9, .box_h = 10, .ofs_x = -1, .ofs_y = 0},
    {.bitmap_index = 1039, .adv_w = 232, .box_w = 14, .box_h = 13, .ofs_x = 0, .ofs_y = -3},
    {.bitmap_index = 1130, .adv_w = 172, .box_w = 12, .box_h = 10, .ofs_x = -1, .ofs_y = 0},
    {.bitmap_index = 1190, .adv_w = 171, .box_w = 10, .box_h = 10, .ofs_x = 1, .ofs_y = 0},
    {.bitmap_index = 1240, .adv_w = 162, .box_w = 10, .box_h = 10, .ofs_x = 0, .ofs_y = 0},
    {.bitmap_index = 1290, .adv_w = 185, .box_w = 11, .box_h = 10, .ofs_x = 1, .ofs_y = 0},
    {.bitmap_index = 1345, .adv_w = 150, .box_w = 8, .box_h = 10, .ofs_x = 1, .ofs_y = 0},
    {.bitmap_index = 1385, .adv_w = 143, .box_w = 8, .box_h = 10, .ofs_x = 1, .ofs_y = 0},
    {.bitmap_index = 1425, .adv_w = 173, .box_w = 11, .box_h = 10, .ofs_x = 0, .ofs_y = 0},
    {.bitmap_index = 1480, .adv_w = 181, .box_w = 10, .box_h = 10, .ofs_x = 1, .ofs_y = 0},
    {.bitmap_index = 1530, .adv_w = 73, .box_w = 3, .box_h = 10, .ofs_x = 1, .ofs_y = 0},
    {.bitmap_index = 1545, .adv_w = 121, .box_w = 8, .box_h = 10, .ofs_x = -1, .ofs_y = 0},
    {.bitmap_index = 1585, .adv_w = 166, .box_w = 10, .box_h = 10, .ofs_x = 1, .ofs_y = 0},
    {.bitmap_index = 1635, .adv_w = 135, .box_w = 8, .box_h = 10, .ofs_x = 1, .ofs_y = 0},
    {.bitmap_index = 1675, .adv_w = 214, .box_w = 12, .box_h = 10, .ofs_x = 1, .ofs_y = 0},
    {.bitmap_index = 1735, .adv_w = 181, .box_w = 10, .box_h = 10, .ofs_x = 1, .ofs_y = 0},
    {.bitmap_index = 1785, .adv_w = 189, .box_w = 12, .box_h = 10, .ofs_x = 0, .ofs_y = 0},
    {.bitmap_index = 1845, .adv_w = 164, .box_w = 9, .box_h = 10, .ofs_x = 1, .ofs_y = 0},
    {.bitmap_index = 1890, .adv_w = 189, .box_w = 12, .box_h = 13, .ofs_x = 0, .ofs_y = -3},
    {.bitmap_index = 1968, .adv_w = 165, .box_w = 9, .box_h = 10, .ofs_x = 1, .ofs_y = 0},
    {.bitmap_index = 2013, .adv_w = 143, .box_w = 9, .box_h = 10, .ofs_x = 0, .ofs_y = 0},
    {.bitmap_index = 2058, .adv_w = 138, .box_w = 9, .box_h = 10, .ofs_x = 0, .ofs_y = 0},
    {.bitmap_index = 2103, .adv_w = 177, .box_w = 9, .box_h = 10, .ofs_x = 1, .ofs_y = 0},
    {.bitmap_index = 2148, .adv_w = 167, .box_w = 12, .box_h = 10, .ofs_x = -1, .ofs_y = 0},
    {.bitmap_index = 2208, .adv_w = 261, .box_w = 16, .box_h = 10, .ofs_x = 0, .ofs_y = 0},
    {.bitmap_index = 2288, .adv_w = 160, .box_w = 10, .box_h = 10, .ofs_x = 0, .ofs_y = 0},
    {.bitmap_index = 2338, .adv_w = 151, .box_w = 11, .box_h = 10, .ofs_x = -1, .ofs_y = 0},
    {.bitmap_index = 2393, .adv_w = 150, .box_w = 10, .box_h = 10, .ofs_x = 0, .ofs_y = 0},
    {.bitmap_index = 2443, .adv_w = 82, .box_w = 4, .box_h = 14, .ofs_x = 1, .ofs_y = -3},
    {.bitmap_index = 2471, .adv_w = 88, .box_w = 7, .box_h = 14, .ofs_x = -1, .ofs_y = -1},
    {.bitmap_index = 2520, .adv_w = 82, .box_w = 4, .box_h = 14, .ofs_x = 0, .ofs_y = -3},
    {.bitmap_index = 2548, .adv_w = 134, .box_w = 8, .box_h = 6, .ofs_x = 0, .ofs_y = 2},
    {.bitmap_index = 2572, .adv_w = 112, .box_w = 7, .box_h = 3, .ofs_x = 0, .ofs_y = -2},
    {.bitmap_index = 2583, .adv_w = 134, .box_w = 5, .box_h = 2, .ofs_x = 1, .ofs_y = 9},
    {.bitmap_index = 2588, .adv_w = 138, .box_w = 8, .box_h = 8, .ofs_x = 0, .ofs_y = 0},
    {.bitmap_index = 2620, .adv_w = 155, .box_w = 9, .box_h = 11, .ofs_x = 1, .ofs_y = 0},
    {.bitmap_index = 2670, .adv_w = 132, .box_w = 9, .box_h = 8, .ofs_x = 0, .ofs_y = 0},
    {.bitmap_index = 2706, .adv_w = 155, .box_w = 9, .box_h = 11, .ofs_x = 0, .ofs_y = 0},
    {.bitmap_index = 2756, .adv_w = 141, .box_w = 9, .box_h = 8, .ofs_x = 0, .ofs_y = 0},
    {.bitmap_index = 2792, .adv_w = 87, .box_w = 6, .box_h = 11, .ofs_x = 0, .ofs_y = 0},
    {.bitmap_index = 2825, .adv_w = 157, .box_w = 9, .box_h = 11, .ofs_x = 0, .ofs_y = -3},
    {.bitmap_index = 2875, .adv_w = 155, .box_w = 8, .box_h = 11, .ofs_x = 1, .ofs_y = 0},
    {.bitmap_index = 2919, .adv_w = 67, .box_w = 4, .box_h = 12, .ofs_x = 0, .ofs_y = 0},
    {.bitmap_index = 2943, .adv_w = 69, .box_w = 6, .box_h = 15, .ofs_x = -2, .ofs_y = -3},
    {.bitmap_index = 2988, .adv_w = 147, .box_w = 9, .box_h = 11, .ofs_x = 1, .ofs_y = 0},
    {.bitmap_index = 3038, .adv_w = 67, .box_w = 3, .box_h = 11, .ofs_x = 1, .ofs_y = 0},
    {.bitmap_index = 3055, .adv_w = 235, .box_w = 13, .box_h = 8, .ofs_x = 1, .ofs_y = 0},
    {.bitmap_index = 3107, .adv_w = 155, .box_w = 8, .box_h = 8, .ofs_x = 1, .ofs_y = 0},
    {.bitmap_index = 3139, .adv_w = 147, .box_w = 9, .box_h = 8, .ofs_x = 0, .ofs_y = 0},
    {.bitmap_index = 3175, .adv_w = 155, .box_w = 9, .box_h = 11, .ofs_x = 1, .ofs_y = -3},
    {.bitmap_index = 3225, .adv_w = 155, .box_w = 9, .box_h = 11, .ofs_x = 0, .ofs_y = -3},
    {.bitmap_index = 3275, .adv_w = 97, .box_w = 5, .box_h = 8, .ofs_x = 1, .ofs_y = 0},
    {.bitmap_index = 3295, .adv_w = 119, .box_w = 8, .box_h = 8, .ofs_x = 0, .ofs_y = 0},
    {.bitmap_index = 3327, .adv_w = 97, .box_w = 6, .box_h = 10, .ofs_x = 0, .ofs_y = 0},
    {.bitmap_index = 3357, .adv_w = 154, .box_w = 9, .box_h = 8, .ofs_x = 0, .ofs_y = 0},
    {.bitmap_index = 3393, .adv_w = 134, .box_w = 10, .box_h = 8, .ofs_x = -1, .ofs_y = 0},
    {.bitmap_index = 3433, .adv_w = 210, .box_w = 14, .box_h = 8, .ofs_x = 0, .ofs_y = 0},
    {.bitmap_index = 3489, .adv_w = 133, .box_w = 9, .box_h = 8, .ofs_x = 0, .ofs_y = 0},
    {.bitmap_index = 3525, .adv_w = 134, .box_w = 10, .box_h = 11, .ofs_x = -1, .ofs_y = -3},
    {.bitmap_index = 3580, .adv_w = 122, .box_w = 8, .box_h = 8, .ofs_x = 0, .ofs_y = 0},
    {.bitmap_index = 3612, .adv_w = 88, .box_w = 6, .box_h = 14, .ofs_x = 0, .ofs_y = -3},
    {.bitmap_index = 3654, .adv_w = 69, .box_w = 3, .box_h = 14, .ofs_x = 1, .ofs_y = -3},
    {.bitmap_index = 3675, .adv_w = 88, .box_w = 5, .box_h = 14, .ofs_x = 0, .ofs_y = -3},
    {.bitmap_index = 3710, .adv_w = 134, .box_w = 8, .box_h = 3, .ofs_x = 0, .ofs_y = 4},
    {.bitmap_index = 3722, .adv_w = 172, .box_w = 12, .box_h = 14, .ofs_x = -1, .ofs_y = 0},
    {.bitmap_index = 3806, .adv_w = 138, .box_w = 8, .box_h = 11, .ofs_x = 0, .ofs_y = 0},
    {.bitmap_index = 3850, .adv_w = 172, .box_w = 12, .box_h = 14, .ofs_x = -1, .ofs_y = 0},
    {.bitmap_index = 3934, .adv_w = 138, .box_w = 8, .box_h = 11, .ofs_x = 0, .ofs_y = 0},
    {.bitmap_index = 3978, .adv_w = 172, .box_w = 13, .box_h = 14, .ofs_x = -1, .ofs_y = -4},
    {.bitmap_index = 4069, .adv_w = 138, .box_w = 9, .box_h = 12, .ofs_x = 0, .ofs_y = -4},
    {.bitmap_index = 4123, .adv_w = 162, .box_w = 10, .box_h = 14, .ofs_x = 0, .ofs_y = 0},
    {.bitmap_index = 4193, .adv_w = 132, .box_w = 9, .box_h = 11, .ofs_x = 0, .ofs_y = 0},
    {.bitmap_index = 4243, .adv_w = 162, .box_w = 10, .box_h = 14, .ofs_x = 0, .ofs_y = 0},
    {.bitmap_index = 4313, .adv_w = 132, .box_w = 9, .box_h = 11, .ofs_x = 0, .ofs_y = 0},
    {.bitmap_index = 4363, .adv_w = 162, .box_w = 10, .box_h = 14, .ofs_x = 0, .ofs_y = 0},
    {.bitmap_index = 4433, .adv_w = 132, .box_w = 9, .box_h = 12, .ofs_x = 0, .ofs_y = 0},
    {.bitmap_index = 4487, .adv_w = 162, .box_w = 10, .box_h = 14, .ofs_x = 0, .ofs_y = 0},
    {.bitmap_index = 4557, .adv_w = 132, .box_w = 9, .box_h = 11, .ofs_x = 0, .ofs_y = 0},
    {.bitmap_index = 4607, .adv_w = 185, .box_w = 11, .box_h = 13, .ofs_x = 1, .ofs_y = 0},
    {.bitmap_index = 4679, .adv_w = 155, .box_w = 12, .box_h = 12, .ofs_x = 0, .ofs_y = 0},
    {.bitmap_index = 4751, .adv_w = 188, .box_w = 12, .box_h = 10, .ofs_x = 0, .ofs_y = 0},
    {.bitmap_index = 4811, .adv_w = 155, .box_w = 10, .box_h = 11, .ofs_x = 0, .ofs_y = 0},
    {.bitmap_index = 4866, .adv_w = 150, .box_w = 8, .box_h = 14, .ofs_x = 1, .ofs_y = 0},
    {.bitmap_index = 4922, .adv_w = 141, .box_w = 9, .box_h = 11, .ofs_x = 0, .ofs_y = 0},
    {.bitmap_index = 4972, .adv_w = 150, .box_w = 8, .box_h = 14, .ofs_x = 1, .ofs_y = 0},
    {.bitmap_index = 5028, .adv_w = 141, .box_w = 9, .box_h = 11, .ofs_x = 0, .ofs_y = 0},
    {.bitmap_index = 5078, .adv_w = 150, .box_w = 8, .box_h = 14, .ofs_x = 1, .ofs_y = 0},
    {.bitmap_index = 5134, .adv_w = 141, .box_w = 9, .box_h = 12, .ofs_x = 0, .ofs_y = 0},
    {.bitmap_index = 5188, .adv_w = 150, .box_w = 9, .box_h = 14, .ofs_x = 1, .ofs_y = -4},
    {.bitmap_index = 5251, .adv_w = 141, .box_w = 9, .box_h = 12, .ofs_x = 0, .ofs_y = -4},
    {.bitmap_index = 5305, .adv_w = 150, .box_w = 8, .box_h = 13, .ofs_x = 1, .ofs_y = 0},
    {.bitmap_index = 5357, .adv_w = 141, .box_w = 9, .box_h = 11, .ofs_x = 0, .ofs_y = 0},
    {.bitmap_index = 5407, .adv_w = 173, .box_w = 11, .box_h = 14, .ofs_x = 0, .ofs_y = 0},
    {.bitmap_index = 5484, .adv_w = 157, .box_w = 9, .box_h = 14, .ofs_x = 0, .ofs_y = -3},
    {.bitmap_index = 5547, .adv_w = 173, .box_w = 11, .box_h = 14, .ofs_x = 0, .ofs_y = 0},
    {.bitmap_index = 5624, .adv_w = 157, .box_w = 9, .box_h = 14, .ofs_x = 0, .ofs_y = -3},
    {.bitmap_index = 5687, .adv_w = 173, .box_w = 11, .box_h = 14, .ofs_x = 0, .ofs_y = 0},
    {.bitmap_index = 5764, .adv_w = 157, .box_w = 9, .box_h = 15, .ofs_x = 0, .ofs_y = -3},
    {.bitmap_index = 5832, .adv_w = 173, .box_w = 11, .box_h = 14, .ofs_x = 0, .ofs_y = -4},
    {.bitmap_index = 5909, .adv_w = 157, .box_w = 9, .box_h = 15, .ofs_x = 0, .ofs_y = -3},
    {.bitmap_index = 5977, .adv_w = 181, .box_w = 10, .box_h = 13, .ofs_x = 1, .ofs_y = 0},
    {.bitmap_index = 6042, .adv_w = 155, .box_w = 10, .box_h = 14, .ofs_x = -1, .ofs_y = 0},
    {.bitmap_index = 6112, .adv_w = 187, .box_w = 12, .box_h = 10, .ofs_x = 0, .ofs_y = 0},
    {.bitmap_index = 6172, .adv_w = 157, .box_w = 9, .box_h = 11, .ofs_x = 0, .ofs_y = 0},
    {.bitmap_index = 6222, .adv_w = 73, .box_w = 6, .box_h = 14, .ofs_x = -1, .ofs_y = 0},
    {.bitmap_index = 6264, .adv_w = 67, .box_w = 6, .box_h = 11, .ofs_x = -1, .ofs_y = 0},
    {.bitmap_index = 6297, .adv_w = 73, .box_w = 5, .box_h = 14, .ofs_x = 0, .ofs_y = 0},
    {.bitmap_index = 6332, .adv_w = 67, .box_w = 5, .box_h = 11, .ofs_x = 0, .ofs_y = 0},
    {.bitmap_index = 6360, .adv_w = 73, .box_w = 6, .box_h = 14, .ofs_x = -1, .ofs_y = 0},
    {.bitmap_index = 6402, .adv_w = 67, .box_w = 6, .box_h = 11, .ofs_x = -1, .ofs_y = 0},
    {.bitmap_index = 6435, .adv_w = 73, .box_w = 3, .box_h = 14, .ofs_x = 1, .ofs_y = -4},
    {.bitmap_index = 6456, .adv_w = 67, .box_w = 4, .box_h = 16, .ofs_x = 0, .ofs_y = -4},
    {.bitmap_index = 6488, .adv_w = 73, .box_w = 3, .box_h = 14, .ofs_x = 1, .ofs_y = 0},
    {.bitmap_index = 6509, .adv_w = 67, .box_w = 3, .box_h = 8, .ofs_x = 1, .ofs_y = 0},
    {.bitmap_index = 6521, .adv_w = 162, .box_w = 10, .box_h = 10, .ofs_x = 0, .ofs_y = 0},
    {.bitmap_index = 6571, .adv_w = 136, .box_w = 8, .box_h = 15, .ofs_x = 0, .ofs_y = -3},
    {.bitmap_index = 6631, .adv_w = 121, .box_w = 8, .box_h = 14, .ofs_x = -1, .ofs_y = 0},
    {.bitmap_index = 6687, .adv_w = 69, .box_w = 7, .box_h = 14, .ofs_x = -2, .ofs_y = -3},
    {.bitmap_index = 6736, .adv_w = 166, .box_w = 10, .box_h = 14, .ofs_x = 1, .ofs_y = -4},
    {.bitmap_index = 6806, .adv_w = 147, .box_w = 9, .box_h = 15, .ofs_x = 1, .ofs_y = -4},
    {.bitmap_index = 6874, .adv_w = 147, .box_w = 9, .box_h = 8, .ofs_x = 1, .ofs_y = 0},
    {.bitmap_index = 6910, .adv_w = 135, .box_w = 8, .box_h = 13, .ofs_x = 1, .ofs_y = 0},
    {.bitmap_index = 6962, .adv_w = 67, .box_w = 6, .box_h = 14, .ofs_x = 0, .ofs_y = 0},
    {.bitmap_index = 7004, .adv_w = 135, .box_w = 8, .box_h = 14, .ofs_x = 1, .ofs_y = -4},
    {.bitmap_index = 7060, .adv_w = 67, .box_w = 3, .box_h = 15, .ofs_x = 1, .ofs_y = -4},
    {.bitmap_index = 7083, .adv_w = 135, .box_w = 8, .box_h = 11, .ofs_x = 1, .ofs_y = 0},
    {.bitmap_index = 7127, .adv_w = 67, .box_w = 5, .box_h = 12, .ofs_x = 1, .ofs_y = 0},
    {.bitmap_index = 7157, .adv_w = 135, .box_w = 8, .box_h = 10, .ofs_x = 1, .ofs_y = 0},
    {.bitmap_index = 7197, .adv_w = 102, .box_w = 6, .box_h = 11, .ofs_x = 1, .ofs_y = 0},
    {.bitmap_index = 7230, .adv_w = 138, .box_w = 10, .box_h = 10, .ofs_x = -1, .ofs_y = 0},
    {.bitmap_index = 7280, .adv_w = 73, .box_w = 6, .box_h = 11, .ofs_x = -1, .ofs_y = 0},
    {.bitmap_index = 7313, .adv_w = 181, .box_w = 10, .box_h = 13, .ofs_x = 1, .ofs_y = 0},
    {.bitmap_index = 7378, .adv_w = 155, .box_w = 8, .box_h = 11, .ofs_x = 1, .ofs_y = 0},
    {.bitmap_index = 7422, .adv_w = 181, .box_w = 10, .box_h = 14, .ofs_x = 1, .ofs_y = -4},
    {.bitmap_index = 7492, .adv_w = 155, .box_w = 8, .box_h = 12, .ofs_x = 1, .ofs_y = -4},
    {.bitmap_index = 7540, .adv_w = 181, .box_w = 10, .box_h = 13, .ofs_x = 1, .ofs_y = 0},
    {.bitmap_index = 7605, .adv_w = 155, .box_w = 8, .box_h = 11, .ofs_x = 1, .ofs_y = 0},
    {.bitmap_index = 7649, .adv_w = 177, .box_w = 12, .box_h = 11, .ofs_x = -1, .ofs_y = 0},
    {.bitmap_index = 7715, .adv_w = 181, .box_w = 10, .box_h = 13, .ofs_x = 1, .ofs_y = -3},
    {.bitmap_index = 7780, .adv_w = 155, .box_w = 8, .box_h = 11, .ofs_x = 1, .ofs_y = -3},
    {.bitmap_index = 7824, .adv_w = 189, .box_w = 12, .box_h = 14, .ofs_x = 0, .ofs_y = 0},
    {.bitmap_index = 7908, .adv_w = 147, .box_w = 9, .box_h = 11, .ofs_x = 0, .ofs_y = 0},
    {.bitmap_index = 7958, .adv_w = 189, .box_w = 12, .box_h = 14, .ofs_x = 0, .ofs_y = 0},
    {.bitmap_index = 8042, .adv_w = 147, .box_w = 9, .box_h = 11, .ofs_x = 0, .ofs_y = 0},
    {.bitmap_index = 8092, .adv_w = 189, .box_w = 12, .box_h = 14, .ofs_x = 0, .ofs_y = 0},
    {.bitmap_index = 8176, .adv_w = 147, .box_w = 9, .box_h = 11, .ofs_x = 0, .ofs_y = 0},
    {.bitmap_index = 8226, .adv_w = 254, .box_w = 16, .box_h = 10, .ofs_x = 0, .ofs_y = 0},
    {.bitmap_index = 8306, .adv_w = 238, .box_w = 15, .box_h = 8, .ofs_x = 0, .ofs_y = 0},
    {.bitmap_index = 8366, .adv_w = 165, .box_w = 9, .box_h = 13, .ofs_x = 1, .ofs_y = 0},
    {.bitmap_index = 8425, .adv_w = 97, .box_w = 6, .box_h = 11, .ofs_x = 1, .ofs_y = 0},
    {.bitmap_index = 8458, .adv_w = 165, .box_w = 9, .box_h = 14, .ofs_x = 1, .ofs_y = -4},
    {.bitmap_index = 8521, .adv_w = 97, .box_w = 5, .box_h = 12, .ofs_x = 1, .ofs_y = -4},
    {.bitmap_index = 8551, .adv_w = 165, .box_w = 9, .box_h = 14, .ofs_x = 1, .ofs_y = 0},
    {.bitmap_index = 8614, .adv_w = 97, .box_w = 7, .box_h = 11, .ofs_x = 0, .ofs_y = 0},
    {.bitmap_index = 8653, .adv_w = 143, .box_w = 9, .box_h = 14, .ofs_x = 0, .ofs_y = 0},
    {.bitmap_index = 8716, .adv_w = 119, .box_w = 8, .box_h = 11, .ofs_x = 0, .ofs_y = 0},
    {.bitmap_index = 8760, .adv_w = 143, .box_w = 9, .box_h = 14, .ofs_x = 0, .ofs_y = 0},
    {.bitmap_index = 8823, .adv_w = 119, .box_w = 8, .box_h = 11, .ofs_x = 0, .ofs_y = 0},
    {.bitmap_index = 8867, .adv_w = 143, .box_w = 9, .box_h = 14, .ofs_x = 0, .ofs_y = -4},
    {.bitmap_index = 8930, .adv_w = 119, .box_w = 8, .box_h = 12, .ofs_x = 0, .ofs_y = -4},
    {.bitmap_index = 8978, .adv_w = 143, .box_w = 9, .box_h = 14, .ofs_x = 0, .ofs_y = 0},
    {.bitmap_index = 9041, .adv_w = 119, .box_w = 8, .box_h = 11, .ofs_x = 0, .ofs_y = 0},
    {.bitmap_index = 9085, .adv_w = 138, .box_w = 9, .box_h = 14, .ofs_x = 0, .ofs_y = -4},
    {.bitmap_index = 9148, .adv_w = 97, .box_w = 6, .box_h = 14, .ofs_x = 0, .ofs_y = -4},
    {.bitmap_index = 9190, .adv_w = 138, .box_w = 9, .box_h = 13, .ofs_x = 0, .ofs_y = 0},
    {.bitmap_index = 9249, .adv_w = 97, .box_w = 6, .box_h = 12, .ofs_x = 0, .ofs_y = 0},
    {.bitmap_index = 9285, .adv_w = 138, .box_w = 9, .box_h = 10, .ofs_x = 0, .ofs_y = 0},
    {.bitmap_index = 9330, .adv_w = 99, .box_w = 6, .box_h = 10, .ofs_x = 0, .ofs_y = 0},
    {.bitmap_index = 9360, .adv_w = 177, .box_w = 9, .box_h = 14, .ofs_x = 1, .ofs_y = 0},
    {.bitmap_index = 9423, .adv_w = 154, .box_w = 9, .box_h = 11, .ofs_x = 0, .ofs_y = 0},
    {.bitmap_index = 9473, .adv_w = 177, .box_w = 9, .box_h = 14, .ofs_x = 1, .ofs_y = 0},
    {.bitmap_index = 9536, .adv_w = 154, .box_w = 9, .box_h = 11, .ofs_x = 0, .ofs_y = 0},
    {.bitmap_index = 9586, .adv_w = 177, .box_w = 9, .box_h = 14, .ofs_x = 1, .ofs_y = 0},
    {.bitmap_index = 9649, .adv_w = 154, .box_w = 9, .box_h = 11, .ofs_x = 0, .ofs_y = 0},
    {.bitmap_index = 9699, .adv_w = 177, .box_w = 9, .box_h = 15, .ofs_x = 1, .ofs_y = 0},
    {.bitmap_index = 9767, .adv_w = 154, .box_w = 9, .box_h = 12, .ofs_x = 0, .ofs_y = 0},
    {.bitmap_index = 9821, .adv_w = 177, .box_w = 9, .box_h = 14, .ofs_x = 1, .ofs_y = 0},
    {.bitmap_index = 9884, .adv_w = 154, .box_w = 9, .box_h = 11, .ofs_x = 0, .ofs_y = 0},
    {.bitmap_index = 9934, .adv_w = 177, .box_w = 9, .box_h = 14, .ofs_x = 1, .ofs_y = -4},
    {.bitmap_index = 9997, .adv_w = 154, .box_w = 9, .box_h = 12, .ofs_x = 0, .ofs_y = -4},
    {.bitmap_index = 10051, .adv_w = 261, .box_w = 16, .box_h = 13, .ofs_x = 0, .ofs_y = 0},
    {.bitmap_index = 10155, .adv_w = 210, .box_w = 14, .box_h = 11, .ofs_x = 0, .ofs_y = 0},
    {.bitmap_index = 10232, .adv_w = 151, .box_w = 11, .box_h = 14, .ofs_x = -1, .ofs_y = 0},
    {.bitmap_index = 10309, .adv_w = 134, .box_w = 10, .box_h = 14, .ofs_x = -1, .ofs_y = -3},
    {.bitmap_index = 10379, .adv_w = 151, .box_w = 11, .box_h = 14, .ofs_x = -1, .ofs_y = 0},
    {.bitmap_index = 10456, .adv_w = 150, .box_w = 10, .box_h = 13, .ofs_x = 0, .ofs_y = 0},
    {.bitmap_index = 10521, .adv_w = 122, .box_w = 8, .box_h = 11, .ofs_x = 0, .ofs_y = 0},
    {.bitmap_index = 10565, .adv_w = 150, .box_w = 10, .box_h = 14, .ofs_x = 0, .ofs_y = 0},
    {.bitmap_index = 10635, .adv_w = 122, .box_w = 8, .box_h = 12, .ofs_x = 0, .ofs_y = 0},
    {.bitmap_index = 10683, .adv_w = 150, .box_w = 10, .box_h = 13, .ofs_x = 0, .ofs_y = 0},
    {.bitmap_index = 10748, .adv_w = 122, .box_w = 8, .box_h = 11, .ofs_x = 0, .ofs_y = 0},
    {.bitmap_index = 10792, .adv_w = 77, .box_w = 6, .box_h = 11, .ofs_x = 0, .ofs_y = 0}
};

/*---------------------
 *  CHARACTER MAPPING
 *--------------------*/



/*Collect the unicode lists and glyph_id offsets*/
static const lv_font_fmt_txt_cmap_t cmaps[] =
{
    {
        .range_start = 32, .range_length = 95, .glyph_id_start = 1,
        .unicode_list = NULL, .glyph_id_ofs_list = NULL, .list_length = 0, .type = LV_FONT_FMT_TXT_CMAP_FORMAT0_TINY
    },
    {
        .range_start = 256, .range_length = 128, .glyph_id_start = 96,
        .unicode_list = NULL, .glyph_id_ofs_list = NULL, .list_length = 0, .type = LV_FONT_FMT_TXT_CMAP_FORMAT0_TINY
    }
};

/*-----------------
 *    KERNING
 *----------------*/


/*Map glyph_ids to kern left classes*/
static const uint8_t kern_left_class_mapping[] =
{
    0, 0, 1, 2, 0, 3, 4, 5,
    2, 6, 0, 7, 8, 9, 8, 9,
    10, 11, 0, 12, 13, 14, 15, 16,
    17, 18, 11, 19, 19, 0, 0, 0,
    20, 21, 0, 0, 0, 0, 0, 0,
    0, 0, 0, 0, 0, 0, 0, 0,
    0, 0, 0, 0, 0, 0, 0, 0,
    0, 0, 0, 0, 22, 23, 0, 0,
    24, 0, 0, 0, 0, 0, 0, 0,
    0, 0, 0, 0, 0, 0, 0, 0,
    0, 0, 0, 0, 0, 0, 0, 0,
    0, 0, 0, 0, 22, 0, 0, 8,
    0, 0, 0, 0, 0, 0, 0, 0,
    0, 0, 0, 0, 0, 0, 0, 0,
    0, 0, 0, 0, 0, 0, 0, 0,
    0, 0, 0, 0, 0, 0, 0, 0,
    0, 0, 0, 0, 0, 0, 0, 0,
    0, 0, 0, 0, 0, 0, 0, 0,
    0, 0, 0, 0, 0, 0, 0, 0,
    0, 0, 0, 0, 0, 0, 0, 0,
    0, 0, 0, 0, 0, 0, 0, 0,
    0, 0, 0, 0, 0, 0, 0, 0,
    0, 0, 0, 0, 0, 0, 0, 0,
    0, 0, 0, 0, 0, 0, 0, 0,
    0, 0, 0, 0, 0, 0, 0, 0,
    0, 0, 0, 0, 0, 0, 0, 0,
    0, 0, 0, 0, 0, 0, 0, 0,
    0, 0, 0, 0, 0, 0, 0, 0
};

/*Map glyph_ids to kern right classes*/
static const uint8_t kern_right_class_mapping[] =
{
    0, 0, 1, 2, 0, 3, 4, 5,
    2, 0, 6, 7, 8, 9, 8, 9,
    10, 11, 12, 13, 14, 15, 16, 11,
    17, 18, 19, 20, 20, 0, 0, 0,
    21, 22, 0, 0, 0, 0, 0, 0,
    0, 0, 0, 0, 0, 0, 0, 0,
    0, 0, 0, 0, 0, 0, 0, 0,
    0, 0, 0, 0, 23, 24, 25, 0,
    26, 0, 0, 0, 0, 0, 0, 0,
    0, 0, 0, 0, 0, 0, 0, 0,
    0, 0, 0, 0, 0, 0, 0, 0,
    0, 0, 0, 0, 0, 0, 25, 8,
    0, 0, 0, 0, 0, 0, 0, 0,
    0, 0, 0, 0, 0, 0, 0, 0,
    0, 0, 0, 0, 0, 0, 0, 0,
    0, 0, 0, 0, 0, 0, 0, 0,
    0, 0, 0, 0, 0, 0, 0, 0,
    0, 0, 0, 0, 0, 0, 0, 0,
    0, 0, 0, 0, 0, 0, 0, 0,
    0, 0, 0, 0, 0, 0, 0, 0,
    0, 0, 0, 0, 0, 0, 0, 0,
    0, 0, 0, 0, 0, 0, 0, 0,
    0, 0, 0, 0, 0, 0, 0, 0,
    0, 0, 0, 0, 0, 0, 0, 0,
    0, 0, 0, 0, 0, 0, 0, 0,
    0, 0, 0, 0, 0, 0, 0, 0,
    0, 0, 0, 0, 0, 0, 0, 0,
    0, 0, 0, 0, 0, 0, 0, 0
};

/*Kern values between classes*/
static const int8_t kern_class_values[] =
{
    0, 1, 0, 0, 0, 0, 2, 0,
    1, 0, 0, 2, 0, 0, 0, 0,
    1, 0, 0, 0, 0, 0, 0, 0,
    1, 0, 1, 10, 0, 5, -4, 0,
    4, 0, -12, -13, 1, 10, 4, 3,
    -9, 1, 9, 0, 8, 2, 6, -3,
    0, 13, 3, -1, 0, -7, 0, 0,
    0, 0, -4, 3, 4, 0, 0, -2,
    0, -1, 2, 0, -2, 0, -2, -1,
    -4, 0, 0, -2, 0, -4, 0, -5,
    0, -28, 0, -4, -11, 4, 7, 0,
    0, -4, 2, 2, 7, 4, -3, 4,
    0, 0, -12, 0, 0, -8, 0, 0,
    -3, -9, 0, -9, -1, 0, -7, 0,
    -1, 7, 0, -7, -3, -1, 1, 0,
    -3, 0, 0, -2, -15, 0, 0, -18,
    -3, 5, 0, 0, 0, 0, 0, 0,
    0, 0, 0, 8, 0, 2, 0, 0,
    -4, 0, 0, 0, 0, 0, 0, 0,
    0, 10, 3, 1, 2, 4, 2, 7,
    -2, 0, 4, -2, -8, -30, 1, 5,
    4, 0, -3, 0, 5, 0, 6, 0,
    6, 0, 0, 0, 1, -2, 0, 0,
    -3, -8, 0, 0, -2, 1, -2, 0,
    1, -5, -4, -4, 1, 0, -2, 0,
    0, 0, -9, 1, 0, -15, 0, 0,
    1, -12, 2, -15, 0, 0, -8, -2,
    0, 20, -3, -4, 2, 2, 0, 0,
    -4, 2, 0, 0, -13, -4, 0, -21,
    0, 2, 0, 13, -4, 0, -8, 8,
    0, -16, -21, -16, -4, 7, 0, 0,
    -14, 0, 2, -6, 0, -3, 0, -4,
    0, 3, 7, -26, 0, 1, 0, 0,
    0, 0, 1, 1, -3, -4, 0, -1,
    -1, -2, 0, 0, -1, 0, 0, 0,
    -4, 0, 0, -4, 0, -4, 0, 0,
    0, 2, -1, 0, 0, -1, 2, 2,
    0, 0, 0, 0, -2, 0, 0, 0,
    0, 0, 0, 0, 0, -1, 0, 7,
    0, -2, 0, -2, 0, 0, 0, 0,
    0, 0, 0, 0, -1, -1, 0, -2,
    -2, 0, 0, 0, 0, 0, 0, 0,
    0, 0, 0, -7, -1, -7, 4, 0,
    -4, 2, 4, 5, 0, -6, 0, -2,
    0, 0, -9, 2, -1, 2, -13, 2,
    0, -11, 0, 4, 0, 0, 0, -2,
    0, 0, -2, 0, 0, 0, 0, 0,
    -1, -1, 0, -1, -3, 0, 0, 0,
    0, 0, 0, -2, 0, 0, 0, -1,
    0, -4, 2, 0, -2, 1, 2, 2,
    0, 0, 0, 0, 0, 0, -1, 0,
    0, 0, 0, 0, 0, 0, 0, 0,
    0, 7, -1, 1, -6, 0, 5, -11,
    -11, -9, -4, 2, 0, -2, -15, -4,
    0, -4, 0, -4, 3, -4, 0, 2,
    2, -7, 0, 0, 0, -2, 0, 0,
    1, 0, 2, 0, 0, 0, 0, 0,
    0, 0, 0, 0, 0, 0, -2, 0,
    0, -7, 0, 0, 0, 2, 0, 0,
    0, 0, 0, 0, 0, 12, 0, 0,
    0, 0, 0, 0, 1, 0, 0, 0,
    -2, 0, 0, -5, 0, 2, -1, 0,
    0, 0, -2, 0, 2, 0, -11, -7,
    0, 0, 0, -3, -11, 0, 0, -2,
    2, 0, -6, -1, -2, 0, 0, -3,
    0, -3, 0, 0, 0, 2, 0, 1,
    -4, -4, 0, -2, -2, -3, 0, 0,
    0, 0, 0, 0, -7, 0, 0, -4,
    3, -7, 1, 3, 0, 0, 0, 3,
    1, -1, 0, 10, 0, 5, 1, 1,
    -4, 0, 4, 0, 0, 0, 3, 0,
    0, 7, 0, 7, 0, -13, 0, -2,
    3, 7, -30, 0, 20, 2, -4, -4,
    2, 2, -1, 1, -11, 0, 0, 12,
    -13, -4, 0, -16, 10, 31, 0, -1,
    4, -5, 0, 1, -2, 0, 2, 27,
    -4, -2, 6, 5, -5, 2, 0, 0,
    2, 2, -4, -7, 0, -29, 7, 0
};


/*Collect the kern class' data in one place*/
static const lv_font_fmt_txt_kern_classes_t kern_classes =
{
    .class_pair_values   = kern_class_values,
    .left_class_mapping  = kern_left_class_mapping,
    .right_class_mapping = kern_right_class_mapping,
    .left_class_cnt      = 24,
    .right_class_cnt     = 26,
};

/*--------------------
 *  ALL CUSTOM DATA
 *--------------------*/

#if LVGL_VERSION_MAJOR == 8
/*Store all the custom data of the font*/
static  lv_font_fmt_txt_glyph_cache_t cache;
#endif

#if LVGL_VERSION_MAJOR >= 8
static const lv_font_fmt_txt_dsc_t font_dsc = {
#else
static lv_font_fmt_txt_dsc_t font_dsc = {
#endif
    .glyph_bitmap = glyph_bitmap,
    .glyph_dsc = glyph_dsc,
    .cmaps = cmaps,
    .kern_dsc = &kern_classes,
    .kern_scale = 16,
    .cmap_num = 2,
    .bpp = 4,
    .kern_classes = 1,
    .bitmap_format = 0,
#if LVGL_VERSION_MAJOR == 8
    .cache = &cache
#endif
};



/*-----------------
 *  PUBLIC FONT
 *----------------*/

/*Initialize a public general font descriptor*/
#if LVGL_VERSION_MAJOR >= 8
const lv_font_t lv_font_montserrat_14_bold = {
#else
lv_font_t lv_font_montserrat_14_bold = {
#endif
    .get_glyph_dsc = lv_font_get_glyph_dsc_fmt_txt,    /*Function pointer to get glyph's data*/
    .get_glyph_bitmap = lv_font_get_bitmap_fmt_txt,    /*Function pointer to get glyph's bitmap*/
    .line_height = 19,          /*The maximum line height required by the font*/
    .base_line = 4,             /*Baseline measured from the bottom of the line*/
#if !(LVGL_VERSION_MAJOR == 6 && LVGL_VERSION_MINOR == 0)
    .subpx = LV_FONT_SUBPX_NONE,
#endif
#if LV_VERSION_CHECK(7, 4, 0) || LVGL_VERSION_MAJOR >= 8
    .underline_position = -1,
    .underline_thickness = 1,
#endif
    .dsc = &font_dsc,          /*The custom font data. Will be accessed by `get_glyph_bitmap/dsc` */
#if LV_VERSION_CHECK(8, 2, 0) || LVGL_VERSION_MAJOR >= 9
    .fallback = NULL,
#endif
    .user_data = NULL,
};



#endif /*#if LV_FONT_MONTSERRAT_14_BOLD*/

